,accTradePrice,accTradeVolume,candleDateTime,candleDateTimeKst,change,changePrice,code,convertedTradePrice,prevClosingPrice,timestamp,tradeDate,tradeDateKst,tradePrice
0,37575440468.70073,3811.26390428,2019-06-04T00:00:00+00:00,2019-06-04T09:00:00+09:00,FALL,113000.0,CRIX.UPBIT.KRW-BTC,,9999000.0,1559615057232.0,2019-06-04,,9886000.0
1,91977369426.0219,8905.52487849,2019-06-03T00:00:00+00:00,2019-06-03T09:00:00+09:00,FALL,506000.0,CRIX.UPBIT.KRW-BTC,,10505000.0,1559606399663.0,2019-06-03,,9999000.0
2,71775106042.42062,6868.79564903,2019-06-02T00:00:00+00:00,2019-06-02T09:00:00+09:00,RISE,155000.0,CRIX.UPBIT.KRW-BTC,,10350000.0,1559520000126.0,2019-06-02,,10505000.0
3,56967244230.16546,5514.70590256,2019-06-01T00:00:00+00:00,2019-06-01T09:00:00+09:00,FALL,33000.0,CRIX.UPBIT.KRW-BTC,,10383000.0,1559433597928.0,2019-06-01,,10350000.0
4,97698875582.27785,9590.30573478,2019-05-31T00:00:00+00:00,2019-05-31T09:00:00+09:00,RISE,263000.0,CRIX.UPBIT.KRW-BTC,,10120000.0,1559347198750.0,2019-05-31,,10383000.0
5,146210320462.20615,14079.82620793,2019-05-30T00:00:00+00:00,2019-05-30T09:00:00+09:00,FALL,205000.0,CRIX.UPBIT.KRW-BTC,,10325000.0,1559260797061.0,2019-05-30,,10120000.0
6,86431110832.90813,8371.07028924,2019-05-29T00:00:00+00:00,2019-05-29T09:00:00+09:00,FALL,8000.0,CRIX.UPBIT.KRW-BTC,,10333000.0,1559174400248.0,2019-05-29,,10325000.0
7,69704616071.39137,6739.85220975,2019-05-28T00:00:00+00:00,2019-05-28T09:00:00+09:00,FALL,43000.0,CRIX.UPBIT.KRW-BTC,,10376000.0,1559087999525.0,2019-05-28,,10333000.0
8,125688042523.92781,12067.23805525,2019-05-27T00:00:00+00:00,2019-05-27T09:00:00+09:00,RISE,77000.0,CRIX.UPBIT.KRW-BTC,,10299000.0,1559001598929.0,2019-05-27,,10376000.0
9,110060165300.10384,11097.02673955,2019-05-26T00:00:00+00:00,2019-05-26T09:00:00+09:00,RISE,705000.0,CRIX.UPBIT.KRW-BTC,,9594000.0,1558915199204.0,2019-05-26,,10299000.0
10,42378085670.41194,4423.41467288,2019-05-25T00:00:00+00:00,2019-05-25T09:00:00+09:00,RISE,14000.0,CRIX.UPBIT.KRW-BTC,,9580000.0,1558828798842.0,2019-05-25,,9594000.0
11,85093234544.19118,8929.98092211,2019-05-24T00:00:00+00:00,2019-05-24T09:00:00+09:00,RISE,89000.0,CRIX.UPBIT.KRW-BTC,,9491000.0,1558742397986.0,2019-05-24,,9580000.0
12,89346955513.7917,9626.42743604,2019-05-23T00:00:00+00:00,2019-05-23T09:00:00+09:00,RISE,182000.0,CRIX.UPBIT.KRW-BTC,,9309000.0,1558655998745.0,2019-05-23,,9491000.0
13,83848748948.01509,8874.09362343,2019-05-22T00:00:00+00:00,2019-05-22T09:00:00+09:00,FALL,200000.0,CRIX.UPBIT.KRW-BTC,,9509000.0,1558569599573.0,2019-05-22,,9309000.0
14,93082551308.2664,9783.22266274,2019-05-21T00:00:00+00:00,2019-05-21T09:00:00+09:00,FALL,72000.0,CRIX.UPBIT.KRW-BTC,,9581000.0,1558483200312.0,2019-05-21,,9509000.0
15,108765142547.01659,11458.02697678,2019-05-20T00:00:00+00:00,2019-05-20T09:00:00+09:00,FALL,131000.0,CRIX.UPBIT.KRW-BTC,,9712000.0,1558396799863.0,2019-05-20,,9581000.0
16,154584732204.60852,16388.29983101,2019-05-19T00:00:00+00:00,2019-05-19T09:00:00+09:00,RISE,889000.0,CRIX.UPBIT.KRW-BTC,,8823000.0,1558310398905.0,2019-05-19,,9712000.0
17,103532300329.37686,11615.27700105,2019-05-18T00:00:00+00:00,2019-05-18T09:00:00+09:00,FALL,68000.0,CRIX.UPBIT.KRW-BTC,,8891000.0,1558223997329.0,2019-05-18,,8823000.0
18,193477025101.32385,22071.33565071,2019-05-17T00:00:00+00:00,2019-05-17T09:00:00+09:00,FALL,574000.0,CRIX.UPBIT.KRW-BTC,,9465000.0,1558137595802.0,2019-05-17,,8891000.0
19,163495312959.77344,17057.02756153,2019-05-16T00:00:00+00:00,2019-05-16T09:00:00+09:00,FALL,141000.0,CRIX.UPBIT.KRW-BTC,,9606000.0,1558051198031.0,2019-05-16,,9465000.0
20,169852029142.36987,17857.0863588,2019-05-15T00:00:00+00:00,2019-05-15T09:00:00+09:00,RISE,107000.0,CRIX.UPBIT.KRW-BTC,,9499000.0,1557964799878.0,2019-05-15,,9606000.0
21,238632664795.1941,25056.33445661,2019-05-14T00:00:00+00:00,2019-05-14T09:00:00+09:00,RISE,269000.0,CRIX.UPBIT.KRW-BTC,,9230000.0,1557878400215.0,2019-05-14,,9499000.0
22,235643959195.83844,26618.70635664,2019-05-13T00:00:00+00:00,2019-05-13T09:00:00+09:00,RISE,1060000.0,CRIX.UPBIT.KRW-BTC,,8170000.0,1557791998984.0,2019-05-13,,9230000.0
23,176449916378.52832,21060.149816,2019-05-12T00:00:00+00:00,2019-05-12T09:00:00+09:00,FALL,198000.0,CRIX.UPBIT.KRW-BTC,,8368000.0,1557705598449.0,2019-05-12,,8170000.0
24,192203171426.961,24016.23318105,2019-05-11T00:00:00+00:00,2019-05-11T09:00:00+09:00,RISE,873000.0,CRIX.UPBIT.KRW-BTC,,7495000.0,1557619198511.0,2019-05-11,,8368000.0
25,78450667830.04883,10597.21131677,2019-05-10T00:00:00+00:00,2019-05-10T09:00:00+09:00,RISE,222000.0,CRIX.UPBIT.KRW-BTC,,7273000.0,1557532796794.0,2019-05-10,,7495000.0
26,67992076301.71716,9562.19350399,2019-05-09T00:00:00+00:00,2019-05-09T09:00:00+09:00,RISE,314000.0,CRIX.UPBIT.KRW-BTC,,6959000.0,1557446397255.0,2019-05-09,,7273000.0
27,38562734631.63851,5646.19320357,2019-05-08T00:00:00+00:00,2019-05-08T09:00:00+09:00,RISE,206000.0,CRIX.UPBIT.KRW-BTC,,6753000.0,1557360000218.0,2019-05-08,,6959000.0
28,50241575599.49264,7375.75047151,2019-05-07T00:00:00+00:00,2019-05-07T09:00:00+09:00,RISE,133000.0,CRIX.UPBIT.KRW-BTC,,6620000.0,1557273599733.0,2019-05-07,,6753000.0
29,26220651770.71382,3956.9602345,2019-05-06T00:00:00+00:00,2019-05-06T09:00:00+09:00,FALL,84000.0,CRIX.UPBIT.KRW-BTC,,6704000.0,1557187191475.0,2019-05-06,,6620000.0
30,21361033200.7164,3199.97736446,2019-05-05T00:00:00+00:00,2019-05-05T09:00:00+09:00,FALL,15000.0,CRIX.UPBIT.KRW-BTC,,6719000.0,1557100790578.0,2019-05-05,,6704000.0
31,46445234090.60933,6998.19026783,2019-05-04T00:00:00+00:00,2019-05-04T09:00:00+09:00,RISE,123000.0,CRIX.UPBIT.KRW-BTC,,6596000.0,1557014399868.0,2019-05-04,,6719000.0
32,72666545636.99371,11092.57495268,2019-05-03T00:00:00+00:00,2019-05-03T09:00:00+09:00,RISE,269000.0,CRIX.UPBIT.KRW-BTC,,6327000.0,1556927996000.0,2019-05-03,,6596000.0
33,32802646308.6656,5239.96342431,2019-05-02T00:00:00+00:00,2019-05-02T09:00:00+09:00,RISE,135000.0,CRIX.UPBIT.KRW-BTC,,6192000.0,1556841597716.0,2019-05-02,,6327000.0
34,24227450824.2018,3938.46440095,2019-05-01T00:00:00+00:00,2019-05-01T09:00:00+09:00,RISE,75000.0,CRIX.UPBIT.KRW-BTC,,6117000.0,1556755198786.0,2019-05-01,,6192000.0
35,32305038599.63975,5325.66521626,2019-04-30T00:00:00+00:00,2019-04-30T09:00:00+09:00,RISE,88000.0,CRIX.UPBIT.KRW-BTC,,6029000.0,1556668799842.0,2019-04-30,,6117000.0
36,34634354993.66441,5702.959786,2019-04-29T00:00:00+00:00,2019-04-29T09:00:00+09:00,FALL,109000.0,CRIX.UPBIT.KRW-BTC,,6138000.0,1556582395991.0,2019-04-29,,6029000.0
37,24438479922.35286,3983.08641683,2019-04-28T00:00:00+00:00,2019-04-28T09:00:00+09:00,RISE,24000.0,CRIX.UPBIT.KRW-BTC,,6114000.0,1556495996493.0,2019-04-28,,6138000.0
38,18921078813.3889,3095.99607482,2019-04-27T00:00:00+00:00,2019-04-27T09:00:00+09:00,FALL,23000.0,CRIX.UPBIT.KRW-BTC,,6137000.0,1556409591477.0,2019-04-27,,6114000.0
39,65207804565.95224,10592.33130941,2019-04-26T00:00:00+00:00,2019-04-26T09:00:00+09:00,RISE,17000.0,CRIX.UPBIT.KRW-BTC,,6120000.0,1556323198657.0,2019-04-26,,6137000.0
40,52042608548.29699,8244.90323779,2019-04-25T00:00:00+00:00,2019-04-25T09:00:00+09:00,FALL,295000.0,CRIX.UPBIT.KRW-BTC,,6415000.0,1556236800253.0,2019-04-25,,6120000.0
41,76390522760.69325,11844.50070092,2019-04-24T00:00:00+00:00,2019-04-24T09:00:00+09:00,FALL,35000.0,CRIX.UPBIT.KRW-BTC,,6450000.0,1556150392633.0,2019-04-24,,6415000.0
42,69682423128.0528,10869.22891599,2019-04-23T00:00:00+00:00,2019-04-23T09:00:00+09:00,RISE,213000.0,CRIX.UPBIT.KRW-BTC,,6237000.0,1556063996972.0,2019-04-23,,6450000.0
43,40997651043.63394,6659.99298085,2019-04-22T00:00:00+00:00,2019-04-22T09:00:00+09:00,RISE,92000.0,CRIX.UPBIT.KRW-BTC,,6145000.0,1555977597353.0,2019-04-22,,6237000.0
44,36591579568.45136,5971.98194427,2019-04-21T00:00:00+00:00,2019-04-21T09:00:00+09:00,RISE,4000.0,CRIX.UPBIT.KRW-BTC,,6141000.0,1555891197993.0,2019-04-21,,6145000.0
45,24441198119.76691,3994.04389513,2019-04-20T00:00:00+00:00,2019-04-20T09:00:00+09:00,RISE,54000.0,CRIX.UPBIT.KRW-BTC,,6087000.0,1555804799607.0,2019-04-20,,6141000.0
46,38416852460.9841,6350.20410717,2019-04-19T00:00:00+00:00,2019-04-19T09:00:00+09:00,RISE,17000.0,CRIX.UPBIT.KRW-BTC,,6070000.0,1555718397842.0,2019-04-19,,6087000.0
47,51265996377.65896,8489.43472618,2019-04-18T00:00:00+00:00,2019-04-18T09:00:00+09:00,RISE,66000.0,CRIX.UPBIT.KRW-BTC,,6004000.0,1555631980811.0,2019-04-18,,6070000.0
48,35747851543.34135,5946.73096896,2019-04-17T00:00:00+00:00,2019-04-17T09:00:00+09:00,FALL,20000.0,CRIX.UPBIT.KRW-BTC,,6024000.0,1555545598902.0,2019-04-17,,6004000.0
49,44243111241.56934,7498.73648699,2019-04-16T00:00:00+00:00,2019-04-16T09:00:00+09:00,RISE,164000.0,CRIX.UPBIT.KRW-BTC,,5860000.0,1555459199858.0,2019-04-16,,6024000.0
50,48168775195.48494,8101.81650803,2019-04-15T00:00:00+00:00,2019-04-15T09:00:00+09:00,FALL,98000.0,CRIX.UPBIT.KRW-BTC,,5958000.0,1555372800036.0,2019-04-15,,5860000.0
51,24845739740.97041,4218.82004407,2019-04-14T00:00:00+00:00,2019-04-14T09:00:00+09:00,RISE,69000.0,CRIX.UPBIT.KRW-BTC,,5889000.0,1555286399793.0,2019-04-14,,5958000.0
52,24898843330.87834,4226.05326009,2019-04-13T00:00:00+00:00,2019-04-13T09:00:00+09:00,FALL,8000.0,CRIX.UPBIT.KRW-BTC,,5897000.0,1555199999311.0,2019-04-13,,5889000.0
53,48991693378.28947,8432.76271085,2019-04-12T00:00:00+00:00,2019-04-12T09:00:00+09:00,RISE,37000.0,CRIX.UPBIT.KRW-BTC,,5860000.0,1555113595535.0,2019-04-12,,5897000.0
54,85597800453.13098,14323.59630125,2019-04-11T00:00:00+00:00,2019-04-11T09:00:00+09:00,FALL,306000.0,CRIX.UPBIT.KRW-BTC,,6166000.0,1555027199771.0,2019-04-11,,5860000.0
55,50559893824.71343,8318.97682643,2019-04-10T00:00:00+00:00,2019-04-10T09:00:00+09:00,RISE,166000.0,CRIX.UPBIT.KRW-BTC,,6000000.0,1554940797434.0,2019-04-10,,6166000.0
56,45341862456.00577,7547.51871099,2019-04-09T00:00:00+00:00,2019-04-09T09:00:00+09:00,FALL,91000.0,CRIX.UPBIT.KRW-BTC,,6091000.0,1554854398525.0,2019-04-09,,6000000.0
57,67712465968.62198,11262.5617768,2019-04-08T00:00:00+00:00,2019-04-08T09:00:00+09:00,RISE,181000.0,CRIX.UPBIT.KRW-BTC,,5910000.0,1554767999679.0,2019-04-08,,6091000.0
58,50404446877.12297,8606.56750049,2019-04-07T00:00:00+00:00,2019-04-07T09:00:00+09:00,RISE,117000.0,CRIX.UPBIT.KRW-BTC,,5793000.0,1554681600018.0,2019-04-07,,5910000.0
59,58139843921.28878,10079.33500166,2019-04-06T00:00:00+00:00,2019-04-06T09:00:00+09:00,RISE,108000.0,CRIX.UPBIT.KRW-BTC,,5685000.0,1554595199967.0,2019-04-06,,5793000.0
60,71837233046.14041,12728.86348074,2019-04-05T00:00:00+00:00,2019-04-05T09:00:00+09:00,RISE,114000.0,CRIX.UPBIT.KRW-BTC,,5571000.0,1554508798909.0,2019-04-05,,5685000.0
61,67248751137.94293,11968.33556833,2019-04-04T00:00:00+00:00,2019-04-04T09:00:00+09:00,FALL,23000.0,CRIX.UPBIT.KRW-BTC,,5594000.0,1554422399550.0,2019-04-04,,5571000.0
62,128311433264.78406,23006.90185268,2019-04-03T00:00:00+00:00,2019-04-03T09:00:00+09:00,RISE,183000.0,CRIX.UPBIT.KRW-BTC,,5411000.0,1554335995672.0,2019-04-03,,5594000.0
63,187338761537.22052,35779.36962198,2019-04-02T00:00:00+00:00,2019-04-02T09:00:00+09:00,RISE,700000.0,CRIX.UPBIT.KRW-BTC,,4711000.0,1554249599143.0,2019-04-02,,5411000.0
64,61367451587.99779,13066.44049624,2019-04-01T00:00:00+00:00,2019-04-01T09:00:00+09:00,RISE,50000.0,CRIX.UPBIT.KRW-BTC,,4661000.0,1554163199690.0,2019-04-01,,4711000.0
65,35580484027.08325,7660.19035262,2019-03-31T00:00:00+00:00,2019-03-31T09:00:00+09:00,RISE,25000.0,CRIX.UPBIT.KRW-BTC,,4636000.0,1554076797634.0,2019-03-31,,4661000.0
66,32846205908.98962,7117.93320635,2019-03-30T00:00:00+00:00,2019-03-30T09:00:00+09:00,FALL,5000.0,CRIX.UPBIT.KRW-BTC,,4641000.0,1553990399874.0,2019-03-30,,4636000.0
67,39551042227.46028,8584.39564075,2019-03-29T00:00:00+00:00,2019-03-29T09:00:00+09:00,RISE,91000.0,CRIX.UPBIT.KRW-BTC,,4550000.0,1553903999976.0,2019-03-29,,4641000.0
68,40721706397.41247,8955.6799217,2019-03-28T00:00:00+00:00,2019-03-28T09:00:00+09:00,RISE,2000.0,CRIX.UPBIT.KRW-BTC,,4548000.0,1553817583163.0,2019-03-28,,4550000.0
69,30760863615.12335,6801.09104325,2019-03-27T00:00:00+00:00,2019-03-27T09:00:00+09:00,RISE,55000.0,CRIX.UPBIT.KRW-BTC,,4493000.0,1553731196221.0,2019-03-27,,4548000.0
70,31882079601.84378,7150.76182259,2019-03-26T00:00:00+00:00,2019-03-26T09:00:00+09:00,RISE,6000.0,CRIX.UPBIT.KRW-BTC,,4487000.0,1553644799536.0,2019-03-26,,4493000.0
71,43154854390.18012,9560.22460821,2019-03-25T00:00:00+00:00,2019-03-25T09:00:00+09:00,FALL,38000.0,CRIX.UPBIT.KRW-BTC,,4525000.0,1553558400015.0,2019-03-25,,4487000.0
72,27750974254.64919,6141.26696193,2019-03-24T00:00:00+00:00,2019-03-24T09:00:00+09:00,RISE,18000.0,CRIX.UPBIT.KRW-BTC,,4507000.0,1553471994092.0,2019-03-24,,4525000.0
73,18063802464.01028,4010.8007386,2019-03-23T00:00:00+00:00,2019-03-23T09:00:00+09:00,RISE,17000.0,CRIX.UPBIT.KRW-BTC,,4490000.0,1553385598216.0,2019-03-23,,4507000.0
74,25922574998.34574,5767.56572806,2019-03-22T00:00:00+00:00,2019-03-22T09:00:00+09:00,FALL,1000.0,CRIX.UPBIT.KRW-BTC,,4491000.0,1553299196513.0,2019-03-22,,4490000.0
75,40950501860.49251,9074.41770787,2019-03-21T00:00:00+00:00,2019-03-21T09:00:00+09:00,FALL,42000.0,CRIX.UPBIT.KRW-BTC,,4533000.0,1553212798814.0,2019-03-21,,4491000.0
76,32206860697.74433,7162.39960891,2019-03-20T00:00:00+00:00,2019-03-20T09:00:00+09:00,RISE,47000.0,CRIX.UPBIT.KRW-BTC,,4486000.0,1553126399037.0,2019-03-20,,4533000.0
77,29606984260.81934,6628.55821296,2019-03-19T00:00:00+00:00,2019-03-19T09:00:00+09:00,RISE,28000.0,CRIX.UPBIT.KRW-BTC,,4458000.0,1553039996596.0,2019-03-19,,4486000.0
78,42231498335.58667,9501.14160892,2019-03-18T00:00:00+00:00,2019-03-18T09:00:00+09:00,RISE,33000.0,CRIX.UPBIT.KRW-BTC,,4425000.0,1552953597857.0,2019-03-18,,4458000.0
79,17901106204.10674,4051.52761754,2019-03-17T00:00:00+00:00,2019-03-17T09:00:00+09:00,FALL,20000.0,CRIX.UPBIT.KRW-BTC,,4445000.0,1552867190054.0,2019-03-17,,4425000.0
80,22792892102.79223,5146.01355993,2019-03-16T00:00:00+00:00,2019-03-16T09:00:00+09:00,RISE,86000.0,CRIX.UPBIT.KRW-BTC,,4359000.0,1552780795046.0,2019-03-16,,4445000.0
81,30894150609.93698,7102.63937061,2019-03-15T00:00:00+00:00,2019-03-15T09:00:00+09:00,RISE,22000.0,CRIX.UPBIT.KRW-BTC,,4337000.0,1552694395001.0,2019-03-15,,4359000.0
82,42093571520.17961,9702.14149201,2019-03-14T00:00:00+00:00,2019-03-14T09:00:00+09:00,RISE,12000.0,CRIX.UPBIT.KRW-BTC,,4325000.0,1552607999146.0,2019-03-14,,4337000.0
83,35702571876.14274,8246.29814077,2019-03-13T00:00:00+00:00,2019-03-13T09:00:00+09:00,FALL,1000.0,CRIX.UPBIT.KRW-BTC,,4326000.0,1552521598549.0,2019-03-13,,4325000.0
84,44481135455.55445,10293.99529849,2019-03-12T00:00:00+00:00,2019-03-12T09:00:00+09:00,FALL,11000.0,CRIX.UPBIT.KRW-BTC,,4337000.0,1552435199025.0,2019-03-12,,4326000.0
85,47412154067.35976,10955.38444468,2019-03-11T00:00:00+00:00,2019-03-11T09:00:00+09:00,RISE,1000.0,CRIX.UPBIT.KRW-BTC,,4336000.0,1552348800115.0,2019-03-11,,4337000.0
86,31368482427.96001,7251.47664633,2019-03-10T00:00:00+00:00,2019-03-10T09:00:00+09:00,FALL,16000.0,CRIX.UPBIT.KRW-BTC,,4352000.0,1552262399869.0,2019-03-10,,4336000.0
87,42497619391.12233,9813.71927923,2019-03-09T00:00:00+00:00,2019-03-09T09:00:00+09:00,RISE,42000.0,CRIX.UPBIT.KRW-BTC,,4310000.0,1552175999801.0,2019-03-09,,4352000.0
88,43201103063.97781,10012.80844409,2019-03-08T00:00:00+00:00,2019-03-08T09:00:00+09:00,RISE,21000.0,CRIX.UPBIT.KRW-BTC,,4289000.0,1552089599926.0,2019-03-08,,4310000.0
89,21983491313.69089,5130.4641732,2019-03-07T00:00:00+00:00,2019-03-07T09:00:00+09:00,RISE,29000.0,CRIX.UPBIT.KRW-BTC,,4260000.0,1552003199477.0,2019-03-07,,4289000.0
90,22448983963.91729,5280.01187718,2019-03-06T00:00:00+00:00,2019-03-06T09:00:00+09:00,RISE,11000.0,CRIX.UPBIT.KRW-BTC,,4249000.0,1551916798989.0,2019-03-06,,4260000.0
91,32880069332.15294,7840.0875585,2019-03-05T00:00:00+00:00,2019-03-05T09:00:00+09:00,RISE,94000.0,CRIX.UPBIT.KRW-BTC,,4155000.0,1551830400114.0,2019-03-05,,4249000.0
92,25683830681.12967,6152.05869422,2019-03-04T00:00:00+00:00,2019-03-04T09:00:00+09:00,FALL,84000.0,CRIX.UPBIT.KRW-BTC,,4239000.0,1551743997610.0,2019-03-04,,4155000.0
93,12142792526.5594,2857.93732777,2019-03-03T00:00:00+00:00,2019-03-03T09:00:00+09:00,FALL,14000.0,CRIX.UPBIT.KRW-BTC,,4253000.0,1551657595142.0,2019-03-03,,4239000.0
94,12731408160.97834,2997.96422112,2019-03-02T00:00:00+00:00,2019-03-02T09:00:00+09:00,RISE,5000.0,CRIX.UPBIT.KRW-BTC,,4248000.0,1551571200147.0,2019-03-02,,4253000.0
95,13729868788.67749,3231.98857514,2019-03-01T00:00:00+00:00,2019-03-01T09:00:00+09:00,RISE,8000.0,CRIX.UPBIT.KRW-BTC,,4240000.0,1551484798649.0,2019-03-01,,4248000.0
96,30380644612.9683,7139.12200606,2019-02-28T00:00:00+00:00,2019-02-28T09:00:00+09:00,FALL,19000.0,CRIX.UPBIT.KRW-BTC,,4259000.0,1551398399461.0,2019-02-28,,4240000.0
97,27760919570.09288,6561.25383115,2019-02-27T00:00:00+00:00,2019-02-27T09:00:00+09:00,RISE,31000.0,CRIX.UPBIT.KRW-BTC,,4228000.0,1551311999337.0,2019-02-27,,4259000.0
98,26417834792.1386,6237.94973547,2019-02-26T00:00:00+00:00,2019-02-26T09:00:00+09:00,FALL,27000.0,CRIX.UPBIT.KRW-BTC,,4255000.0,1551225591534.0,2019-02-26,,4228000.0
99,30222231652.80479,7140.02952849,2019-02-25T00:00:00+00:00,2019-02-25T09:00:00+09:00,RISE,77000.0,CRIX.UPBIT.KRW-BTC,,4178000.0,1551139196986.0,2019-02-25,,4255000.0
100,47062182613.55633,10822.98110481,2019-02-24T00:00:00+00:00,2019-02-24T09:00:00+09:00,FALL,301000.0,CRIX.UPBIT.KRW-BTC,,4479000.0,1551052798490.0,2019-02-24,,4178000.0
101,21730796181.66509,4954.50746453,2019-02-23T00:00:00+00:00,2019-02-23T09:00:00+09:00,RISE,133000.0,CRIX.UPBIT.KRW-BTC,,4346000.0,1550966399700.0,2019-02-23,,4479000.0
102,17510528618.74552,4028.81050111,2019-02-22T00:00:00+00:00,2019-02-22T09:00:00+09:00,RISE,18000.0,CRIX.UPBIT.KRW-BTC,,4328000.0,1550879996334.0,2019-02-22,,4346000.0
103,33107106122.26572,7641.80816629,2019-02-21T00:00:00+00:00,2019-02-21T09:00:00+09:00,RISE,13000.0,CRIX.UPBIT.KRW-BTC,,4315000.0,1550793595888.0,2019-02-21,,4328000.0
104,21687354260.85121,5067.51108128,2019-02-20T00:00:00+00:00,2019-02-20T09:00:00+09:00,RISE,56000.0,CRIX.UPBIT.KRW-BTC,,4259000.0,1550707190319.0,2019-02-20,,4315000.0
105,39212341501.56375,9217.25757906,2019-02-19T00:00:00+00:00,2019-02-19T09:00:00+09:00,RISE,23000.0,CRIX.UPBIT.KRW-BTC,,4236000.0,1550620799376.0,2019-02-19,,4259000.0
106,40909656713.03983,9883.41843537,2019-02-18T00:00:00+00:00,2019-02-18T09:00:00+09:00,RISE,196000.0,CRIX.UPBIT.KRW-BTC,,4040000.0,1550534399359.0,2019-02-18,,4236000.0
107,25958034938.27571,6462.47621724,2019-02-17T00:00:00+00:00,2019-02-17T09:00:00+09:00,RISE,38000.0,CRIX.UPBIT.KRW-BTC,,4002000.0,1550447998755.0,2019-02-17,,4040000.0
108,19784605484.33983,4941.13288261,2019-02-16T00:00:00+00:00,2019-02-16T09:00:00+09:00,RISE,16000.0,CRIX.UPBIT.KRW-BTC,,3986000.0,1550361597158.0,2019-02-16,,4002000.0
109,16776642969.37476,4199.89299262,2019-02-15T00:00:00+00:00,2019-02-15T09:00:00+09:00,RISE,2000.0,CRIX.UPBIT.KRW-BTC,,3984000.0,1550275199744.0,2019-02-15,,3986000.0
110,11221918185.76723,2817.99053119,2019-02-14T00:00:00+00:00,2019-02-14T09:00:00+09:00,RISE,1000.0,CRIX.UPBIT.KRW-BTC,,3983000.0,1550188797041.0,2019-02-14,,3984000.0
111,14645352763.34063,3675.48976826,2019-02-13T00:00:00+00:00,2019-02-13T09:00:00+09:00,RISE,2000.0,CRIX.UPBIT.KRW-BTC,,3981000.0,1550102398357.0,2019-02-13,,3983000.0
112,15617366229.40254,3922.74039034,2019-02-12T00:00:00+00:00,2019-02-12T09:00:00+09:00,FALL,5000.0,CRIX.UPBIT.KRW-BTC,,3986000.0,1550015978689.0,2019-02-12,,3981000.0
113,14716578441.15567,3690.35442515,2019-02-11T00:00:00+00:00,2019-02-11T09:00:00+09:00,FALL,37000.0,CRIX.UPBIT.KRW-BTC,,4023000.0,1549929599624.0,2019-02-11,,3986000.0
114,19360278162.42653,4852.85159907,2019-02-10T00:00:00+00:00,2019-02-10T09:00:00+09:00,RISE,25000.0,CRIX.UPBIT.KRW-BTC,,3998000.0,1549843196423.0,2019-02-10,,4023000.0
115,16392143507.56707,4099.33222543,2019-02-09T00:00:00+00:00,2019-02-09T09:00:00+09:00,FALL,11000.0,CRIX.UPBIT.KRW-BTC,,4009000.0,1549756799312.0,2019-02-09,,3998000.0
116,33718485512.13377,8694.60592483,2019-02-08T00:00:00+00:00,2019-02-08T09:00:00+09:00,RISE,226000.0,CRIX.UPBIT.KRW-BTC,,3783000.0,1549670399984.0,2019-02-08,,4009000.0
117,17538962572.03534,4630.81677589,2019-02-07T00:00:00+00:00,2019-02-07T09:00:00+09:00,FALL,8000.0,CRIX.UPBIT.KRW-BTC,,3791000.0,1549583999281.0,2019-02-07,,3783000.0
118,17306495865.91493,4564.88792233,2019-02-06T00:00:00+00:00,2019-02-06T09:00:00+09:00,FALL,44000.0,CRIX.UPBIT.KRW-BTC,,3835000.0,1549497599555.0,2019-02-06,,3791000.0
119,13549201597.04031,3536.64920363,2019-02-05T00:00:00+00:00,2019-02-05T09:00:00+09:00,RISE,13000.0,CRIX.UPBIT.KRW-BTC,,3822000.0,1549411199320.0,2019-02-05,,3835000.0
120,10894599223.77978,2847.99607841,2019-02-04T00:00:00+00:00,2019-02-04T09:00:00+09:00,RISE,1000.0,CRIX.UPBIT.KRW-BTC,,3821000.0,1549324798872.0,2019-02-04,,3822000.0
121,7982336758.72265,2089.51667463,2019-02-03T00:00:00+00:00,2019-02-03T09:00:00+09:00,FALL,34000.0,CRIX.UPBIT.KRW-BTC,,3855000.0,1549238363342.0,2019-02-03,,3821000.0
122,8354523949.3495,2189.96461132,2019-02-02T00:00:00+00:00,2019-02-02T09:00:00+09:00,RISE,39000.0,CRIX.UPBIT.KRW-BTC,,3816000.0,1549151992859.0,2019-02-02,,3855000.0
123,13357206471.55473,3535.66565154,2019-02-01T00:00:00+00:00,2019-02-01T09:00:00+09:00,RISE,41000.0,CRIX.UPBIT.KRW-BTC,,3775000.0,1549065599335.0,2019-02-01,,3816000.0
124,22400435614.53945,5907.05089757,2019-01-31T00:00:00+00:00,2019-01-31T09:00:00+09:00,FALL,35000.0,CRIX.UPBIT.KRW-BTC,,3810000.0,1548979197516.0,2019-01-31,,3775000.0
125,29038484073.73204,7619.50824424,2019-01-30T00:00:00+00:00,2019-01-30T09:00:00+09:00,RISE,15000.0,CRIX.UPBIT.KRW-BTC,,3795000.0,1548892799854.0,2019-01-30,,3810000.0
126,15283094613.08661,4037.5905587,2019-01-29T00:00:00+00:00,2019-01-29T09:00:00+09:00,FALL,33000.0,CRIX.UPBIT.KRW-BTC,,3828000.0,1548806384158.0,2019-01-29,,3795000.0
127,22304580301.43486,5807.39699502,2019-01-28T00:00:00+00:00,2019-01-28T09:00:00+09:00,FALL,123000.0,CRIX.UPBIT.KRW-BTC,,3951000.0,1548719966796.0,2019-01-28,,3828000.0
128,11377067405.06837,2879.05223312,2019-01-27T00:00:00+00:00,2019-01-27T09:00:00+09:00,FALL,12000.0,CRIX.UPBIT.KRW-BTC,,3963000.0,1548633577934.0,2019-01-27,,3951000.0
129,14985339129.6444,3770.71441776,2019-01-26T00:00:00+00:00,2019-01-26T09:00:00+09:00,RISE,6000.0,CRIX.UPBIT.KRW-BTC,,3957000.0,1548547199898.0,2019-01-26,,3963000.0
130,18140518929.97525,4594.53577314,2019-01-25T00:00:00+00:00,2019-01-25T09:00:00+09:00,FALL,26000.0,CRIX.UPBIT.KRW-BTC,,3983000.0,1548460799618.0,2019-01-25,,3957000.0
131,17515207475.08745,4413.84065077,2019-01-24T00:00:00+00:00,2019-01-24T09:00:00+09:00,FALL,13000.0,CRIX.UPBIT.KRW-BTC,,3996000.0,1548374392481.0,2019-01-24,,3983000.0
132,17597685481.14387,4397.65303735,2019-01-23T00:00:00+00:00,2019-01-23T09:00:00+09:00,FALL,17000.0,CRIX.UPBIT.KRW-BTC,,4013000.0,1548287999148.0,2019-01-23,,3996000.0
133,25320116140.98014,6366.1518058,2019-01-22T00:00:00+00:00,2019-01-22T09:00:00+09:00,RISE,40000.0,CRIX.UPBIT.KRW-BTC,,3973000.0,1548201593200.0,2019-01-22,,4013000.0
134,18825781824.69013,4739.10320572,2019-01-21T00:00:00+00:00,2019-01-21T09:00:00+09:00,FALL,11000.0,CRIX.UPBIT.KRW-BTC,,3984000.0,1548115200056.0,2019-01-21,,3973000.0
135,18700994621.40335,4635.17392144,2019-01-20T00:00:00+00:00,2019-01-20T09:00:00+09:00,FALL,131000.0,CRIX.UPBIT.KRW-BTC,,4115000.0,1548028799627.0,2019-01-20,,3984000.0
136,17700041108.15115,4320.72451794,2019-01-19T00:00:00+00:00,2019-01-19T09:00:00+09:00,RISE,69000.0,CRIX.UPBIT.KRW-BTC,,4046000.0,1547942398596.0,2019-01-19,,4115000.0
137,18090172100.93611,4470.59388512,2019-01-18T00:00:00+00:00,2019-01-18T09:00:00+09:00,FALL,29000.0,CRIX.UPBIT.KRW-BTC,,4075000.0,1547855995571.0,2019-01-18,,4046000.0
138,23191974158.36697,5735.32175195,2019-01-17T00:00:00+00:00,2019-01-17T09:00:00+09:00,RISE,23000.0,CRIX.UPBIT.KRW-BTC,,4052000.0,1547769599310.0,2019-01-17,,4075000.0
139,22826801255.10307,5635.84626852,2019-01-16T00:00:00+00:00,2019-01-16T09:00:00+09:00,RISE,18000.0,CRIX.UPBIT.KRW-BTC,,4034000.0,1547683198763.0,2019-01-16,,4052000.0
140,19648524022.42221,4819.99157761,2019-01-15T00:00:00+00:00,2019-01-15T09:00:00+09:00,FALL,64000.0,CRIX.UPBIT.KRW-BTC,,4098000.0,1547596799388.0,2019-01-15,,4034000.0
141,19919384100.2745,4950.8678849,2019-01-14T00:00:00+00:00,2019-01-14T09:00:00+09:00,RISE,135000.0,CRIX.UPBIT.KRW-BTC,,3963000.0,1547510395967.0,2019-01-14,,4098000.0
142,13362699539.05393,3318.31923108,2019-01-13T00:00:00+00:00,2019-01-13T09:00:00+09:00,FALL,135000.0,CRIX.UPBIT.KRW-BTC,,4098000.0,1547423991771.0,2019-01-13,,3963000.0
143,13292760229.80835,3247.57216084,2019-01-12T00:00:00+00:00,2019-01-12T09:00:00+09:00,FALL,3000.0,CRIX.UPBIT.KRW-BTC,,4101000.0,1547337597850.0,2019-01-12,,4098000.0
144,21762101414.1469,5325.27940583,2019-01-11T00:00:00+00:00,2019-01-11T09:00:00+09:00,RISE,14000.0,CRIX.UPBIT.KRW-BTC,,4087000.0,1547251187709.0,2019-01-11,,4101000.0
145,43511837850.15597,10233.89728557,2019-01-10T00:00:00+00:00,2019-01-10T09:00:00+09:00,FALL,371000.0,CRIX.UPBIT.KRW-BTC,,4458000.0,1547164796628.0,2019-01-10,,4087000.0
146,20054659109.5971,4477.80053429,2019-01-09T00:00:00+00:00,2019-01-09T09:00:00+09:00,FALL,22000.0,CRIX.UPBIT.KRW-BTC,,4480000.0,1547078394609.0,2019-01-09,,4458000.0
147,22861221192.08012,5089.28053387,2019-01-08T00:00:00+00:00,2019-01-08T09:00:00+09:00,FALL,19000.0,CRIX.UPBIT.KRW-BTC,,4499000.0,1546991996896.0,2019-01-08,,4480000.0
148,19378111847.85265,4307.10019813,2019-01-07T00:00:00+00:00,2019-01-07T09:00:00+09:00,FALL,21000.0,CRIX.UPBIT.KRW-BTC,,4520000.0,1546905590094.0,2019-01-07,,4499000.0
149,21317313689.87248,4835.56400675,2019-01-06T00:00:00+00:00,2019-01-06T09:00:00+09:00,RISE,226000.0,CRIX.UPBIT.KRW-BTC,,4294000.0,1546819195285.0,2019-01-06,,4520000.0
150,14367611651.64076,3332.94892431,2019-01-05T00:00:00+00:00,2019-01-05T09:00:00+09:00,FALL,9000.0,CRIX.UPBIT.KRW-BTC,,4303000.0,1546732792326.0,2019-01-05,,4294000.0
151,23365453641.52329,5455.72943421,2019-01-04T00:00:00+00:00,2019-01-04T09:00:00+09:00,RISE,19000.0,CRIX.UPBIT.KRW-BTC,,4284000.0,1546646400038.0,2019-01-04,,4303000.0
152,20189326809.49272,4683.66209758,2019-01-03T00:00:00+00:00,2019-01-03T09:00:00+09:00,FALL,63000.0,CRIX.UPBIT.KRW-BTC,,4347000.0,1546559998946.0,2019-01-03,,4284000.0
153,23238255655.4911,5413.33304643,2019-01-02T00:00:00+00:00,2019-01-02T09:00:00+09:00,RISE,59000.0,CRIX.UPBIT.KRW-BTC,,4288000.0,1546473599313.0,2019-01-02,,4347000.0
154,15997558882.95464,3806.56039475,2019-01-01T00:00:00+00:00,2019-01-01T09:00:00+09:00,RISE,88000.0,CRIX.UPBIT.KRW-BTC,,4200000.0,1546387199724.0,2019-01-01,,4288000.0
155,18279938719.71038,4319.65438521,2018-12-31T00:00:00+00:00,2018-12-31T09:00:00+09:00,FALL,91000.0,CRIX.UPBIT.KRW-BTC,,4291000.0,,2018-12-31,,4200000.0
156,20494140204.29936,4820.06273912,2018-12-30T00:00:00+00:00,2018-12-30T09:00:00+09:00,RISE,91000.0,CRIX.UPBIT.KRW-BTC,,4200000.0,1546214399341.0,2018-12-30,,4291000.0
157,22620577738.75656,5249.20699964,2018-12-29T00:00:00+00:00,2018-12-29T09:00:00+09:00,FALL,138000.0,CRIX.UPBIT.KRW-BTC,,4338000.0,1546127999742.0,2018-12-29,,4200000.0
158,37782469290.68442,9044.90073346,2018-12-28T00:00:00+00:00,2018-12-28T09:00:00+09:00,RISE,214000.0,CRIX.UPBIT.KRW-BTC,,4124000.0,1546041596250.0,2018-12-28,,4338000.0
159,26872111965.80108,6387.12492085,2018-12-27T00:00:00+00:00,2018-12-27T09:00:00+09:00,FALL,169000.0,CRIX.UPBIT.KRW-BTC,,4293000.0,1545955192787.0,2018-12-27,,4124000.0
160,33844677004.27892,7965.54551542,2018-12-26T00:00:00+00:00,2018-12-26T09:00:00+09:00,RISE,50000.0,CRIX.UPBIT.KRW-BTC,,4243000.0,1545868793176.0,2018-12-26,,4293000.0
161,36742695644.63038,8603.02466497,2018-12-25T00:00:00+00:00,2018-12-25T09:00:00+09:00,FALL,296000.0,CRIX.UPBIT.KRW-BTC,,4539000.0,1545782399307.0,2018-12-25,,4243000.0
162,50759889673.59508,11018.72955822,2018-12-24T00:00:00+00:00,2018-12-24T09:00:00+09:00,RISE,100000.0,CRIX.UPBIT.KRW-BTC,,4439000.0,1545695995050.0,2018-12-24,,4539000.0
163,33389627461.62296,7458.50412788,2018-12-23T00:00:00+00:00,2018-12-23T09:00:00+09:00,FALL,25000.0,CRIX.UPBIT.KRW-BTC,,4464000.0,1545609599920.0,2018-12-23,,4439000.0
164,30486695427.30693,7007.24216643,2018-12-22T00:00:00+00:00,2018-12-22T09:00:00+09:00,RISE,131000.0,CRIX.UPBIT.KRW-BTC,,4333000.0,1545523198226.0,2018-12-22,,4464000.0
165,75652109472.71754,16822.18191833,2018-12-21T00:00:00+00:00,2018-12-21T09:00:00+09:00,FALL,219000.0,CRIX.UPBIT.KRW-BTC,,4552000.0,1545436800094.0,2018-12-21,,4333000.0
166,72750405678.29314,16481.71245495,2018-12-20T00:00:00+00:00,2018-12-20T09:00:00+09:00,RISE,428000.0,CRIX.UPBIT.KRW-BTC,,4124000.0,1545350399913.0,2018-12-20,,4552000.0
167,51926147648.98292,12333.94328952,2018-12-19T00:00:00+00:00,2018-12-19T09:00:00+09:00,RISE,36000.0,CRIX.UPBIT.KRW-BTC,,4088000.0,1545263999267.0,2018-12-19,,4124000.0
168,30304504784.57611,7666.87337544,2018-12-18T00:00:00+00:00,2018-12-18T09:00:00+09:00,RISE,165000.0,CRIX.UPBIT.KRW-BTC,,3923000.0,1545177599320.0,2018-12-18,,4088000.0
169,34536634668.69621,9103.62714974,2018-12-17T00:00:00+00:00,2018-12-17T09:00:00+09:00,RISE,286000.0,CRIX.UPBIT.KRW-BTC,,3637000.0,1545091192107.0,2018-12-17,,3923000.0
170,12974785983.73166,3542.84499551,2018-12-16T00:00:00+00:00,2018-12-16T09:00:00+09:00,RISE,18000.0,CRIX.UPBIT.KRW-BTC,,3619000.0,1545004799812.0,2018-12-16,,3637000.0
171,14632832607.60874,4034.72846031,2018-12-15T00:00:00+00:00,2018-12-15T09:00:00+09:00,FALL,23000.0,CRIX.UPBIT.KRW-BTC,,3642000.0,1544918398079.0,2018-12-15,,3619000.0
172,21793982877.2374,5889.21194184,2018-12-14T00:00:00+00:00,2018-12-14T09:00:00+09:00,FALL,79000.0,CRIX.UPBIT.KRW-BTC,,3721000.0,1544831987350.0,2018-12-14,,3642000.0
173,20265170914.68919,5314.52909104,2018-12-13T00:00:00+00:00,2018-12-13T09:00:00+09:00,FALL,167000.0,CRIX.UPBIT.KRW-BTC,,3888000.0,1544745592303.0,2018-12-13,,3721000.0
174,21805254970.16061,5659.62569846,2018-12-12T00:00:00+00:00,2018-12-12T09:00:00+09:00,RISE,66000.0,CRIX.UPBIT.KRW-BTC,,3822000.0,1544659199447.0,2018-12-12,,3888000.0
175,25692198381.7646,6669.04649885,2018-12-11T00:00:00+00:00,2018-12-11T09:00:00+09:00,FALL,73000.0,CRIX.UPBIT.KRW-BTC,,3895000.0,1544572799695.0,2018-12-11,,3822000.0
176,23883074170.01762,6046.32716932,2018-12-10T00:00:00+00:00,2018-12-10T09:00:00+09:00,FALL,118000.0,CRIX.UPBIT.KRW-BTC,,4013000.0,1544486394403.0,2018-12-10,,3895000.0
177,25604546302.7552,6483.95165173,2018-12-09T00:00:00+00:00,2018-12-09T09:00:00+09:00,RISE,138000.0,CRIX.UPBIT.KRW-BTC,,3875000.0,1544399999851.0,2018-12-09,,4013000.0
178,29612071269.05155,7681.09933383,2018-12-08T00:00:00+00:00,2018-12-08T09:00:00+09:00,RISE,7000.0,CRIX.UPBIT.KRW-BTC,,3868000.0,1544313594259.0,2018-12-08,,3875000.0
179,59708370844.57996,15549.85391268,2018-12-07T00:00:00+00:00,2018-12-07T09:00:00+09:00,FALL,97000.0,CRIX.UPBIT.KRW-BTC,,3965000.0,1544227196148.0,2018-12-07,,3868000.0
180,59748180327.29378,14125.61843122,2018-12-06T00:00:00+00:00,2018-12-06T09:00:00+09:00,FALL,297000.0,CRIX.UPBIT.KRW-BTC,,4262000.0,1544140799358.0,2018-12-06,,3965000.0
181,36235565227.07808,8325.80342723,2018-12-05T00:00:00+00:00,2018-12-05T09:00:00+09:00,FALL,195000.0,CRIX.UPBIT.KRW-BTC,,4457000.0,1544054399122.0,2018-12-05,,4262000.0
182,43474749999.14644,9755.04505869,2018-12-04T00:00:00+00:00,2018-12-04T09:00:00+09:00,RISE,70000.0,CRIX.UPBIT.KRW-BTC,,4387000.0,1543967998403.0,2018-12-04,,4457000.0
183,40003959996.6923,8886.50699993,2018-12-03T00:00:00+00:00,2018-12-03T09:00:00+09:00,FALL,298000.0,CRIX.UPBIT.KRW-BTC,,4685000.0,1543881598557.0,2018-12-03,,4387000.0
184,32924426895.48919,6984.37158641,2018-12-02T00:00:00+00:00,2018-12-02T09:00:00+09:00,FALL,36000.0,CRIX.UPBIT.KRW-BTC,,4721000.0,1543795197901.0,2018-12-02,,4685000.0
185,32588352828.91493,6990.42801181,2018-12-01T00:00:00+00:00,2018-12-01T09:00:00+09:00,RISE,156000.0,CRIX.UPBIT.KRW-BTC,,4565000.0,1543708798263.0,2018-12-01,,4721000.0
186,53038246796.24296,11389.14325328,2018-11-30T00:00:00+00:00,2018-11-30T09:00:00+09:00,FALL,275000.0,CRIX.UPBIT.KRW-BTC,,4840000.0,1543622399999.0,2018-11-30,,4565000.0
187,65577051421.08243,13588.75645203,2018-11-29T00:00:00+00:00,2018-11-29T09:00:00+09:00,RISE,40000.0,CRIX.UPBIT.KRW-BTC,,4800000.0,1543536000022.0,2018-11-29,,4840000.0
188,70403454469.41722,15135.99871579,2018-11-28T00:00:00+00:00,2018-11-28T09:00:00+09:00,RISE,420000.0,CRIX.UPBIT.KRW-BTC,,4380000.0,1543449597404.0,2018-11-28,,4800000.0
189,43205370531.18933,10023.86956673,2018-11-27T00:00:00+00:00,2018-11-27T09:00:00+09:00,RISE,9000.0,CRIX.UPBIT.KRW-BTC,,4371000.0,1543363200139.0,2018-11-27,,4380000.0
190,65903686544.80377,14659.13232924,2018-11-26T00:00:00+00:00,2018-11-26T09:00:00+09:00,FALL,245000.0,CRIX.UPBIT.KRW-BTC,,4616000.0,1543276798742.0,2018-11-26,,4371000.0
191,65554014148.7015,14846.61807208,2018-11-25T00:00:00+00:00,2018-11-25T09:00:00+09:00,RISE,124000.0,CRIX.UPBIT.KRW-BTC,,4492000.0,1543190399519.0,2018-11-25,,4616000.0
192,42650526651.76355,8851.92005334,2018-11-24T00:00:00+00:00,2018-11-24T09:00:00+09:00,FALL,521000.0,CRIX.UPBIT.KRW-BTC,,5013000.0,1543103999117.0,2018-11-24,,4492000.0
193,45285118699.70518,9163.96074326,2018-11-23T00:00:00+00:00,2018-11-23T09:00:00+09:00,RISE,48000.0,CRIX.UPBIT.KRW-BTC,,4965000.0,1543017597649.0,2018-11-23,,5013000.0
194,25948518440.63089,5004.26901548,2018-11-22T00:00:00+00:00,2018-11-22T09:00:00+09:00,FALL,309000.0,CRIX.UPBIT.KRW-BTC,,5274000.0,1542931200082.0,2018-11-22,,4965000.0
195,44497249129.77502,8532.49327465,2018-11-21T00:00:00+00:00,2018-11-21T09:00:00+09:00,RISE,97000.0,CRIX.UPBIT.KRW-BTC,,5177000.0,1542844710691.0,2018-11-21,,5274000.0
196,95754967134.07922,17978.21071906,2018-11-20T00:00:00+00:00,2018-11-20T09:00:00+09:00,FALL,441000.0,CRIX.UPBIT.KRW-BTC,,5618000.0,1542758399221.0,2018-11-20,,5177000.0
197,60747307730.39638,10146.07679702,2018-11-19T00:00:00+00:00,2018-11-19T09:00:00+09:00,FALL,813000.0,CRIX.UPBIT.KRW-BTC,,6431000.0,1542672000313.0,2018-11-19,,5618000.0
198,14958107586.57964,2331.37096303,2018-11-18T00:00:00+00:00,2018-11-18T09:00:00+09:00,RISE,46000.0,CRIX.UPBIT.KRW-BTC,,6385000.0,1542585594369.0,2018-11-18,,6431000.0
199,18237270244.63476,2858.37777974,2018-11-17T00:00:00+00:00,2018-11-17T09:00:00+09:00,FALL,40000.0,CRIX.UPBIT.KRW-BTC,,6425000.0,1542499196773.0,2018-11-17,,6385000.0
