date,price
2019.07.11,1.75
2019.07.10,1.74
2019.07.09,1.69
2019.07.08,1.73
2019.07.05,1.73
2019.07.04,1.73
2019.07.03,1.73
2019.07.02,1.73
2019.07.01,1.75
2019.06.28,1.83
2019.06.27,1.77
2019.06.26,1.76
2019.06.25,1.75
2019.06.24,1.75
2019.06.21,1.74
2019.06.20,1.75
2019.06.19,1.76
2019.06.18,1.75
2019.06.17,1.76
2019.06.14,1.74
2019.06.13,1.75
2019.06.12,1.75
2019.06.11,1.75
2019.06.10,1.75
2019.06.07,1.77
2019.06.05,1.73
2019.06.04,1.75
2019.06.03,1.77
2019.05.31,1.79
2019.05.30,1.76
2019.05.29,1.75
2019.05.28,1.75
2019.05.27,1.75
2019.05.24,1.73
2019.05.23,1.74
2019.05.22,1.73
2019.05.21,1.73
2019.05.20,1.76
2019.05.17,1.74
2019.05.16,1.75
2019.05.15,1.76
2019.05.14,1.73
2019.05.13,1.75
2019.05.10,1.74
2019.05.09,1.73
2019.05.08,1.73
2019.05.07,1.73
2019.05.03,1.74
2019.05.02,1.75
2019.04.30,1.79
2019.04.29,1.73
2019.04.26,1.73
2019.04.25,1.73
2019.04.24,1.73
2019.04.23,1.75
2019.04.22,1.74
2019.04.19,1.75
2019.04.18,1.72
2019.04.17,1.73
2019.04.16,1.76
2019.04.15,1.77
2019.04.12,1.76
2019.04.11,1.78
2019.04.10,1.75
2019.04.09,1.77
2019.04.08,1.76
2019.04.05,1.75
2019.04.04,1.72
2019.04.03,1.70
2019.04.02,1.75
2019.04.01,1.75
2019.03.29,1.81
2019.03.28,1.76
2019.03.27,1.74
2019.03.26,1.77
2019.03.25,1.75
2019.03.22,1.75
2019.03.21,1.74
2019.03.20,1.74
2019.03.19,1.74
2019.03.18,1.76
2019.03.15,1.73
2019.03.14,1.75
2019.03.13,1.78
2019.03.12,1.76
2019.03.11,1.77
2019.03.08,1.78
2019.03.07,1.76
2019.03.06,1.75
2019.03.05,1.77
2019.03.04,1.76
2019.02.28,1.80
2019.02.27,1.77
2019.02.26,1.76
2019.02.25,1.77
2019.02.22,1.76
2019.02.21,1.76
2019.02.20,1.75
2019.02.19,1.76
2019.02.18,1.78
2019.02.15,1.77
2019.02.14,1.76
2019.02.13,1.74
2019.02.12,1.75
2019.02.11,1.74
2019.02.08,1.75
2019.02.07,1.75
2019.02.01,1.74
2019.01.31,1.81
2019.01.30,1.74
2019.01.29,1.74
2019.01.28,1.76
2019.01.25,1.76
2019.01.24,1.75
2019.01.23,1.78
2019.01.22,1.77
2019.01.21,1.76
2019.01.18,1.75
2019.01.17,1.75
2019.01.16,1.75
2019.01.15,1.74
2019.01.14,1.73
2019.01.11,1.75
2019.01.10,1.75
2019.01.09,1.73
2019.01.08,1.74
2019.01.07,1.74
2019.01.04,1.75
2019.01.03,1.77
2019.01.02,1.83
2018.12.31,1.89
2018.12.28,1.82
2018.12.27,1.82
2018.12.26,1.78
2018.12.24,1.77
2018.12.21,1.78
2018.12.20,1.77
2018.12.19,1.75
2018.12.18,1.75
2018.12.17,1.76
2018.12.14,1.76
2018.12.13,1.75
2018.12.12,1.77
2018.12.11,1.76
2018.12.10,1.76
2018.12.07,1.75
2018.12.06,1.71
2018.12.05,1.73
2018.12.04,1.68
2018.12.03,1.74
2018.11.30,1.76
2018.11.29,1.49
2018.11.28,1.48
2018.11.27,1.49
2018.11.26,1.52
2018.11.23,1.52
2018.11.22,1.53
2018.11.21,1.50
2018.11.20,1.52
2018.11.19,1.51
2018.11.16,1.52
2018.11.15,1.51
2018.11.14,1.50
2018.11.13,1.51
2018.11.12,1.50
2018.11.09,1.49
2018.11.08,1.48
2018.11.07,1.48
2018.11.06,1.44
2018.11.05,1.47
2018.11.02,1.45
2018.11.01,1.51
2018.10.31,1.57
2018.10.30,1.49
2018.10.29,1.49
2018.10.26,1.53
2018.10.25,1.54
2018.10.24,1.56
2018.10.23,1.54
2018.10.22,1.53
2018.10.19,1.50
2018.10.18,1.50
2018.10.17,1.51
2018.10.16,1.49
2018.10.15,1.50
2018.10.12,1.52
2018.10.11,1.50
2018.10.10,1.48
2018.10.08,1.47
2018.10.05,1.50
2018.10.04,1.50
2018.10.02,1.51
2018.10.01,1.55
2018.09.28,1.65
2018.09.27,1.59
2018.09.21,1.60
2018.09.20,1.55
2018.09.19,1.51
2018.09.18,1.51
2018.09.17,1.51
2018.09.14,1.51
2018.09.13,1.52
2018.09.12,1.51
2018.09.11,1.52
2018.09.10,1.55
2018.09.07,1.64
2018.09.06,1.51
2018.09.05,1.49
2018.09.04,1.45
2018.09.03,1.54
2018.08.31,1.55
2018.08.30,1.51
2018.08.29,1.49
2018.08.28,1.49
2018.08.27,1.49
2018.08.24,1.48
2018.08.23,1.50
2018.08.22,1.49
2018.08.21,1.49
2018.08.20,1.50
2018.08.17,1.49
2018.08.16,1.49
2018.08.14,1.49
2018.08.13,1.49
2018.08.10,1.48
2018.08.09,1.49
2018.08.08,1.48
2018.08.07,1.44
2018.08.06,1.49
2018.08.03,1.49
2018.08.02,1.49
2018.08.01,1.50
2018.07.31,1.52
2018.07.30,1.49
2018.07.27,1.49
2018.07.26,1.50
2018.07.25,1.50
2018.07.24,1.50
2018.07.23,1.48
2018.07.20,1.48
2018.07.19,1.48
2018.07.18,1.48
2018.07.17,1.47
2018.07.16,1.49
2018.07.13,1.48
2018.07.12,1.51
2018.07.11,1.48
2018.07.10,1.49
2018.07.09,1.49
2018.07.06,1.43
2018.07.05,1.46
2018.07.04,1.46
2018.07.03,1.47
2018.07.02,1.53
2018.06.29,1.57
2018.06.28,1.53
2018.06.27,1.49
2018.06.26,1.46
2018.06.25,1.50
2018.06.22,1.50
2018.06.21,1.49
2018.06.20,1.49
2018.06.19,1.47
2018.06.18,1.49
2018.06.15,1.49
2018.06.14,1.49
2018.06.12,1.47
2018.06.11,1.47
2018.06.08,1.49
2018.06.07,1.46
2018.06.05,1.48
2018.06.04,1.44
2018.06.01,1.50
2018.05.31,1.55
2018.05.30,1.52
2018.05.29,1.50
2018.05.28,1.51
2018.05.25,1.51
2018.05.24,1.50
2018.05.23,1.50
2018.05.21,1.49
2018.05.18,1.49
2018.05.17,1.48
2018.05.16,1.49
2018.05.15,1.49
2018.05.14,1.49
2018.05.11,1.49
2018.05.10,1.49
2018.05.09,1.48
2018.05.08,1.48
2018.05.04,1.49
2018.05.03,1.49
2018.05.02,1.50
2018.04.30,1.51
2018.04.27,1.46
2018.04.26,1.48
2018.04.25,1.48
2018.04.24,1.48
2018.04.23,1.47
2018.04.20,1.47
2018.04.19,1.47
2018.04.18,1.47
2018.04.17,1.47
2018.04.16,1.46
2018.04.13,1.49
2018.04.12,1.48
2018.04.11,1.48
2018.04.10,1.49
2018.04.09,1.48
2018.04.06,1.44
2018.04.05,1.46
2018.04.04,1.46
2018.04.03,1.44
2018.04.02,1.49
2018.03.30,1.54
2018.03.29,1.48
2018.03.28,1.48
2018.03.27,1.48
2018.03.26,1.50
2018.03.23,1.51
2018.03.22,1.50
2018.03.21,1.49
2018.03.20,1.49
2018.03.19,1.50
2018.03.16,1.50
2018.03.15,1.49
2018.03.14,1.50
2018.03.13,1.50
2018.03.12,1.50
2018.03.09,1.49
2018.03.08,1.50
2018.03.07,1.48
2018.03.06,1.43
2018.03.05,1.46
2018.03.02,1.50
2018.02.28,1.51
2018.02.27,1.50
2018.02.26,1.48
2018.02.23,1.48
2018.02.22,1.49
2018.02.21,1.48
2018.02.20,1.48
2018.02.19,1.50
2018.02.14,1.51
2018.02.13,1.51
2018.02.12,1.51
2018.02.09,1.50
2018.02.08,1.47
2018.02.07,1.49
2018.02.06,1.47
2018.02.05,1.48
2018.02.02,1.46
2018.02.01,1.50
2018.01.31,1.54
2018.01.30,1.49
2018.01.29,1.49
2018.01.26,1.49
2018.01.25,1.49
2018.01.24,1.49
2018.01.23,1.49
2018.01.22,1.49
2018.01.19,1.49
2018.01.18,1.49
2018.01.17,1.49
2018.01.16,1.50
2018.01.15,1.50
2018.01.12,1.50
2018.01.11,1.50
2018.01.10,1.51
2018.01.09,1.49
2018.01.08,1.46
2018.01.05,1.47
2018.01.04,1.48
2018.01.03,1.50
2018.01.02,1.52
2017.12.29,1.58
2017.12.28,1.55
2017.12.27,1.51
2017.12.26,1.52
2017.12.22,1.51
2017.12.21,1.53
2017.12.20,1.51
2017.12.19,1.50
2017.12.18,1.50
2017.12.15,1.51
2017.12.14,1.50
2017.12.13,1.50
2017.12.12,1.51
2017.12.11,1.52
2017.12.08,1.52
2017.12.07,1.49
2017.12.06,1.48
2017.12.05,1.47
2017.12.04,1.48
2017.12.01,1.48
2017.11.30,1.53
2017.11.29,1.26
2017.11.28,1.26
2017.11.27,1.26
2017.11.24,1.25
2017.11.23,1.25
2017.11.22,1.24
2017.11.21,1.25
2017.11.20,1.25
2017.11.17,1.24
2017.11.16,1.24
2017.11.15,1.24
2017.11.14,1.24
2017.11.13,1.25
2017.11.10,1.24
2017.11.09,1.24
2017.11.08,1.23
2017.11.07,1.25
2017.11.06,1.23
2017.11.03,1.24
2017.11.02,1.24
2017.11.01,1.24
2017.10.31,1.26
2017.10.30,1.23
2017.10.27,1.24
2017.10.26,1.25
2017.10.25,1.24
2017.10.24,1.24
2017.10.23,1.24
2017.10.20,1.24
2017.10.19,1.24
2017.10.18,1.24
2017.10.17,1.24
2017.10.16,1.25
2017.10.13,1.25
2017.10.12,1.25
2017.10.11,1.24
2017.10.10,1.26
2017.09.29,1.27
2017.09.28,1.26
2017.09.27,1.26
2017.09.26,1.25
2017.09.25,1.26
2017.09.22,1.25
2017.09.21,1.25
2017.09.20,1.25
2017.09.19,1.24
2017.09.18,1.25
2017.09.15,1.25
2017.09.14,1.26
2017.09.13,1.26
2017.09.12,1.26
2017.09.11,1.25
2017.09.08,1.25
2017.09.07,1.25
2017.09.06,1.24
2017.09.05,1.24
2017.09.04,1.25
2017.09.01,1.26
2017.08.31,1.27
2017.08.30,1.25
2017.08.29,1.25
2017.08.28,1.25
2017.08.25,1.24
2017.08.24,1.24
2017.08.23,1.23
2017.08.22,1.23
2017.08.21,1.23
2017.08.18,1.23
2017.08.17,1.22
2017.08.16,1.21
2017.08.14,1.21
2017.08.11,1.23
2017.08.10,1.23
2017.08.09,1.23
2017.08.08,1.18
2017.08.07,1.20
2017.08.04,1.22
2017.08.03,1.22
2017.08.02,1.21
2017.08.01,1.23
2017.07.31,1.24
2017.07.28,1.23
2017.07.27,1.24
2017.07.26,1.24
2017.07.25,1.24
2017.07.24,1.24
2017.07.21,1.24
2017.07.20,1.23
2017.07.19,1.23
2017.07.18,1.23
2017.07.17,1.23
2017.07.14,1.24
2017.07.13,1.24
2017.07.12,1.24
2017.07.11,1.24
2017.07.10,1.24
2017.07.07,1.24
2017.07.06,1.23
2017.07.05,1.22
2017.07.04,1.23
2017.07.03,1.26
2017.06.30,1.29
2017.06.29,1.27
2017.06.28,1.25
2017.06.27,1.25
2017.06.26,1.25
2017.06.23,1.24
2017.06.22,1.23
2017.06.21,1.23
2017.06.20,1.23
2017.06.19,1.23
2017.06.16,1.23
2017.06.15,1.23
2017.06.14,1.23
2017.06.13,1.23
2017.06.12,1.23
2017.06.09,1.23
2017.06.08,1.24
2017.06.07,1.23
2017.06.05,1.24
2017.06.02,1.22
2017.06.01,1.25
2017.05.31,1.26
2017.05.30,1.24
2017.05.29,1.23
2017.05.26,1.23
2017.05.25,1.22
2017.05.24,1.23
2017.05.23,1.23
2017.05.22,1.23
2017.05.19,1.23
2017.05.18,1.23
2017.05.17,1.23
2017.05.16,1.23
2017.05.15,1.23
2017.05.12,1.23
2017.05.11,1.23
2017.05.10,1.23
2017.05.08,1.23
2017.05.04,1.22
2017.05.02,1.22
2017.04.28,1.21
2017.04.27,1.17
2017.04.26,1.22
2017.04.25,1.23
2017.04.24,1.24
2017.04.21,1.24
2017.04.20,1.24
2017.04.19,1.23
2017.04.18,1.23
2017.04.17,1.23
2017.04.14,1.23
2017.04.13,1.23
2017.04.12,1.23
2017.04.11,1.23
2017.04.10,1.23
2017.04.07,1.23
2017.04.06,1.23
2017.04.05,1.23
2017.04.04,1.23
2017.04.03,1.25
2017.03.31,1.27
2017.03.30,1.25
2017.03.29,1.24
2017.03.28,1.22
2017.03.27,1.23
2017.03.24,1.22
2017.03.23,1.23
2017.03.22,1.22
2017.03.21,1.22
2017.03.20,1.22
2017.03.17,1.20
2017.03.16,1.22
2017.03.15,1.23
2017.03.14,1.23
2017.03.13,1.23
2017.03.10,1.24
2017.03.09,1.24
2017.03.08,1.23
2017.03.07,1.18
2017.03.06,1.20
2017.03.03,1.23
2017.03.02,1.24
2017.02.28,1.26
2017.02.27,1.24
2017.02.24,1.24
2017.02.23,1.24
2017.02.22,1.24
2017.02.21,1.23
2017.02.20,1.23
2017.02.17,1.23
2017.02.16,1.22
2017.02.15,1.23
2017.02.14,1.23
2017.02.13,1.23
2017.02.10,1.23
2017.02.09,1.23
2017.02.08,1.22
2017.02.07,1.21
2017.02.06,1.22
2017.02.03,1.23
2017.02.02,1.23
2017.02.01,1.23
2017.01.31,1.25
2017.01.26,1.26
2017.01.25,1.25
2017.01.24,1.25
2017.01.23,1.24
2017.01.20,1.24
2017.01.19,1.24
2017.01.18,1.23
2017.01.17,1.23
2017.01.16,1.24
2017.01.13,1.24
2017.01.12,1.23
2017.01.11,1.24
2017.01.10,1.25
2017.01.09,1.24
2017.01.06,1.24
2017.01.05,1.24
2017.01.04,1.24
2017.01.03,1.24
2017.01.02,1.26
2016.12.30,1.27
2016.12.29,1.24
2016.12.28,1.23
2016.12.27,1.24
2016.12.26,1.24
2016.12.23,1.24
2016.12.22,1.23
2016.12.21,1.22
2016.12.20,1.20
2016.12.19,1.23
2016.12.16,1.20
2016.12.15,1.22
2016.12.14,1.22
2016.12.13,1.22
2016.12.12,1.23
2016.12.09,1.23
2016.12.08,1.23
2016.12.07,1.23
2016.12.06,1.23
2016.12.05,1.20
2016.12.02,1.16
2016.12.01,1.21
2016.11.30,1.23
2016.11.29,1.20
2016.11.28,1.19
2016.11.25,1.22
2016.11.24,1.23
2016.11.23,1.23
2016.11.22,1.23
2016.11.21,1.19
2016.11.18,1.23
2016.11.17,1.24
2016.11.16,1.24
2016.11.15,1.24
2016.11.14,1.24
2016.11.11,1.23
2016.11.10,1.23
2016.11.09,1.24
2016.11.08,1.24
2016.11.07,1.24
2016.11.04,1.24
2016.11.03,1.22
2016.11.02,1.22
2016.11.01,1.22
2016.10.31,1.24
2016.10.28,1.18
2016.10.27,1.23
2016.10.26,1.23
2016.10.25,1.23
2016.10.24,1.24
2016.10.21,1.24
2016.10.20,1.23
2016.10.19,1.23
2016.10.18,1.23
2016.10.17,1.24
2016.10.14,1.24
2016.10.13,1.23
2016.10.12,1.24
2016.10.11,1.24
2016.10.10,1.23
2016.10.07,1.23
2016.10.06,1.24
2016.10.05,1.24
2016.10.04,1.25
2016.09.30,1.26
2016.09.29,1.25
2016.09.28,1.25
2016.09.27,1.24
2016.09.26,1.24
2016.09.23,1.24
2016.09.22,1.24
2016.09.21,1.24
2016.09.20,1.24
2016.09.19,1.24
2016.09.13,1.24
2016.09.12,1.24
2016.09.09,1.25
2016.09.08,1.25
2016.09.07,1.23
2016.09.06,1.24
2016.09.05,1.22
2016.09.02,1.23
2016.09.01,1.24
2016.08.31,1.25
2016.08.30,1.24
2016.08.29,1.24
2016.08.26,1.24
2016.08.25,1.24
2016.08.24,1.24
2016.08.23,1.23
2016.08.22,1.23
2016.08.19,1.23
2016.08.18,1.23
2016.08.17,1.23
2016.08.16,1.23
2016.08.12,1.23
2016.08.11,1.23
2016.08.10,1.23
2016.08.09,1.23
2016.08.08,1.23
2016.08.05,1.23
2016.08.04,1.23
2016.08.03,1.23
2016.08.02,1.23
2016.08.01,1.23
2016.07.29,1.24
2016.07.28,1.22
2016.07.27,1.21
2016.07.26,1.23
2016.07.25,1.23
2016.07.22,1.23
2016.07.21,1.23
2016.07.20,1.23
2016.07.19,1.23
2016.07.18,1.23
2016.07.15,1.23
2016.07.14,1.23
2016.07.13,1.23
2016.07.12,1.23
2016.07.11,1.23
2016.07.08,1.23
2016.07.07,1.23
2016.07.06,1.23
2016.07.05,1.23
2016.07.04,1.20
2016.07.01,1.20
2016.06.30,1.23
2016.06.29,1.22
2016.06.28,1.22
2016.06.27,1.24
2016.06.24,1.24
2016.06.23,1.24
2016.06.22,1.24
2016.06.21,1.24
2016.06.20,1.24
2016.06.17,1.24
2016.06.16,1.24
2016.06.15,1.24
2016.06.14,1.24
2016.06.13,1.24
2016.06.10,1.24
2016.06.09,1.24
2016.06.08,1.48
2016.06.07,1.49
2016.06.03,1.47
2016.06.02,1.49
2016.06.01,1.48
2016.05.31,1.48
2016.05.30,1.48
2016.05.27,1.48
2016.05.26,1.49
2016.05.25,1.49
2016.05.24,1.49
2016.05.23,1.49
2016.05.20,1.49
2016.05.19,1.49
2016.05.18,1.49
2016.05.17,1.49
2016.05.16,1.49
2016.05.13,1.49
2016.05.12,1.49
2016.05.11,1.54
2016.05.10,1.50
2016.05.09,1.48
2016.05.03,1.48
2016.05.02,1.48
2016.04.29,1.50
2016.04.28,1.48
2016.04.27,1.48
2016.04.26,1.49
2016.04.25,1.49
2016.04.22,1.48
2016.04.21,1.48
2016.04.20,1.49
2016.04.19,1.48
2016.04.18,1.49
2016.04.15,1.48
2016.04.14,1.49
2016.04.12,1.48
2016.04.11,1.48
2016.04.08,1.48
2016.04.07,1.48
2016.04.06,1.48
2016.04.05,1.49
2016.04.04,1.46
2016.04.01,1.50
2016.03.31,1.53
2016.03.30,1.51
2016.03.29,1.49
2016.03.28,1.49
2016.03.25,1.49
2016.03.24,1.49
2016.03.23,1.49
2016.03.22,1.49
2016.03.21,1.49
2016.03.18,1.49
2016.03.17,1.48
2016.03.16,1.48
2016.03.15,1.48
2016.03.14,1.48
2016.03.11,1.48
2016.03.10,1.50
2016.03.09,1.48
2016.03.08,1.49
2016.03.07,1.49
2016.03.04,1.49
2016.03.03,1.49
2016.03.02,1.50
2016.02.29,1.52
2016.02.26,1.50
2016.02.25,1.49
2016.02.24,1.49
2016.02.23,1.49
2016.02.22,1.48
2016.02.19,1.47
2016.02.18,1.48
2016.02.17,1.48
2016.02.16,1.47
2016.02.15,1.48
2016.02.12,1.48
2016.02.11,1.49
2016.02.05,1.47
2016.02.04,1.51
2016.02.03,1.49
2016.02.02,1.49
2016.02.01,1.49
2016.01.29,1.50
2016.01.28,1.48
2016.01.27,1.48
2016.01.26,1.48
2016.01.25,1.48
2016.01.22,1.48
2016.01.21,1.49
2016.01.20,1.49
2016.01.19,1.48
2016.01.18,1.50
2016.01.15,1.50
2016.01.14,1.49
2016.01.13,1.50
2016.01.12,1.50
2016.01.11,1.49
2016.01.08,1.49
2016.01.07,1.49
2016.01.06,1.49
2016.01.05,1.49
2016.01.04,1.48
2015.12.31,1.52
2015.12.30,1.49
2015.12.29,1.49
2015.12.28,1.49
2015.12.24,1.49
2015.12.23,1.49
2015.12.22,1.48
2015.12.21,1.48
2015.12.18,1.48
2015.12.17,1.46
2015.12.16,1.46
2015.12.15,1.46
2015.12.14,1.48
2015.12.11,1.48
2015.12.10,1.48
2015.12.09,1.46
2015.12.08,1.46
2015.12.07,1.44
2015.12.04,1.40
2015.12.03,1.45
2015.12.02,1.44
2015.12.01,1.48
2015.11.30,1.50
2015.11.27,1.49
2015.11.26,1.49
2015.11.25,1.50
2015.11.24,1.49
2015.11.23,1.49
2015.11.20,1.49
2015.11.19,1.49
2015.11.18,1.49
2015.11.17,1.49
2015.11.16,1.49
2015.11.13,1.49
2015.11.12,1.50
2015.11.11,1.49
2015.11.10,1.49
2015.11.09,1.50
2015.11.06,1.49
2015.11.05,1.49
2015.11.04,1.50
2015.11.03,1.50
2015.11.02,1.50
2015.10.30,1.50
2015.10.29,1.48
2015.10.28,1.48
2015.10.27,1.48
2015.10.26,1.48
2015.10.23,1.49
2015.10.22,1.49
2015.10.21,1.49
2015.10.20,1.49
2015.10.19,1.49
2015.10.16,1.49
2015.10.15,1.48
2015.10.14,1.48
2015.10.13,1.48
2015.10.12,1.48
2015.10.08,1.48
2015.10.07,1.49
2015.10.06,1.50
2015.10.05,1.47
2015.10.02,1.46
2015.10.01,1.47
2015.09.30,1.49
2015.09.25,1.47
2015.09.24,1.49
2015.09.23,1.48
2015.09.22,1.48
2015.09.21,1.48
2015.09.18,1.48
2015.09.17,1.48
2015.09.16,1.48
2015.09.15,1.49
2015.09.14,1.49
2015.09.11,1.49
2015.09.10,1.49
2015.09.09,1.48
2015.09.08,1.49
2015.09.07,1.47
2015.09.04,1.45
2015.09.03,1.47
2015.09.02,1.48
2015.09.01,1.49
2015.08.31,1.52
2015.08.28,1.51
2015.08.27,1.50
2015.08.26,1.50
2015.08.25,1.50
2015.08.24,1.50
2015.08.21,1.49
2015.08.20,1.49
2015.08.19,1.49
2015.08.18,1.49
2015.08.17,1.49
2015.08.13,1.49
2015.08.12,1.49
2015.08.11,1.49
2015.08.10,1.49
2015.08.07,1.49
2015.08.06,1.49
2015.08.05,1.48
2015.08.04,1.49
2015.08.03,1.48
2015.07.31,1.50
2015.07.30,1.49
2015.07.29,1.49
2015.07.28,1.49
2015.07.27,1.49
2015.07.24,1.49
2015.07.23,1.48
2015.07.22,1.47
2015.07.21,1.47
2015.07.20,1.47
2015.07.17,1.48
2015.07.16,1.48
2015.07.15,1.48
2015.07.14,1.49
2015.07.13,1.48
2015.07.10,1.48
2015.07.09,1.48
2015.07.08,1.48
2015.07.07,1.50
2015.07.06,1.48
2015.07.03,1.48
2015.07.02,1.48
2015.07.01,1.49
2015.06.30,1.50
2015.06.29,1.49
2015.06.26,1.50
2015.06.25,1.50
2015.06.24,1.50
2015.06.23,1.49
2015.06.22,1.49
2015.06.19,1.49
2015.06.18,1.49
2015.06.17,1.49
2015.06.16,1.48
2015.06.15,1.49
2015.06.12,1.48
2015.06.11,1.49
2015.06.10,1.74
2015.06.09,1.73
2015.06.08,1.72
2015.06.05,1.73
2015.06.04,1.73
2015.06.03,1.73
2015.06.02,1.73
2015.06.01,1.74
2015.05.29,1.74
2015.05.28,1.74
2015.05.27,1.74
2015.05.26,1.74
2015.05.22,1.74
2015.05.21,1.74
2015.05.20,1.74
2015.05.19,1.74
2015.05.18,1.74
2015.05.15,1.74
2015.05.14,1.73
2015.05.13,1.74
2015.05.12,1.73
2015.05.11,1.73
2015.05.08,1.73
2015.05.07,1.73
2015.05.06,1.73
2015.05.04,1.74
2015.04.30,1.74
2015.04.29,1.74
2015.04.28,1.74
2015.04.27,1.74
2015.04.24,1.74
2015.04.23,1.73
2015.04.22,1.73
2015.04.21,1.73
2015.04.20,1.73
2015.04.17,1.73
2015.04.16,1.73
2015.04.15,1.73
2015.04.14,1.73
2015.04.13,1.73
2015.04.10,1.74
2015.04.09,1.73
2015.04.08,1.73
2015.04.07,1.72
2015.04.06,1.72
2015.04.03,1.72
2015.04.02,1.73
2015.04.01,1.74
2015.03.31,1.74
2015.03.30,1.74
2015.03.27,1.74
2015.03.26,1.74
2015.03.25,1.74
2015.03.24,1.74
2015.03.23,1.73
2015.03.20,1.74
2015.03.19,1.74
2015.03.18,1.74
2015.03.17,1.74
2015.03.16,1.73
2015.03.13,1.73
2015.03.12,1.74
2015.03.11,1.98
2015.03.10,1.99
2015.03.09,1.98
2015.03.06,1.98
2015.03.05,1.98
2015.03.04,1.98
2015.03.03,1.98
2015.03.02,1.98
2015.02.27,1.99
2015.02.26,1.98
2015.02.25,1.98
2015.02.24,1.98
2015.02.23,1.98
2015.02.17,1.98
2015.02.16,1.99
2015.02.13,1.98
2015.02.12,1.98
2015.02.11,1.99
2015.02.10,2.00
2015.02.09,1.98
2015.02.06,1.99
2015.02.05,1.98
2015.02.04,1.99
2015.02.03,1.99
2015.02.02,1.99
2015.01.30,2.00
2015.01.29,1.99
2015.01.28,1.99
2015.01.27,1.99
2015.01.26,1.99
2015.01.23,1.99
2015.01.22,1.99
2015.01.21,1.98
2015.01.20,1.98
2015.01.19,1.98
2015.01.16,1.98
2015.01.15,1.99
2015.01.14,1.99
2015.01.13,1.99
2015.01.12,1.99
2015.01.09,1.98
2015.01.08,1.99
2015.01.07,1.99
2015.01.06,1.98
2015.01.05,2.00
2015.01.02,2.01
2014.12.31,2.03
2014.12.30,2.01
2014.12.29,1.99
2014.12.26,1.99
2014.12.24,1.99
2014.12.23,1.99
2014.12.22,1.99
2014.12.19,1.98
2014.12.18,1.98
2014.12.17,1.98
2014.12.16,1.99
2014.12.15,2.00
2014.12.12,1.98
2014.12.11,1.98
2014.12.10,1.99
2014.12.09,2.01
2014.12.08,1.99
2014.12.05,1.98
2014.12.04,1.98
2014.12.03,1.98
2014.12.02,1.98
2014.12.01,1.99
2014.11.28,1.99
2014.11.27,1.99
2014.11.26,1.98
2014.11.25,1.99
2014.11.24,1.98
2014.11.21,1.98
2014.11.20,1.98
2014.11.19,1.98
2014.11.18,1.98
2014.11.17,1.98
2014.11.14,1.98
2014.11.13,1.98
2014.11.12,1.98
2014.11.11,1.98
2014.11.10,1.98
2014.11.07,1.98
2014.11.06,1.98
2014.11.05,1.97
2014.11.04,1.96
2014.11.03,1.98
2014.10.31,1.97
2014.10.30,1.98
2014.10.29,1.98
2014.10.28,1.98
2014.10.27,1.98
2014.10.24,1.98
2014.10.23,1.99
2014.10.22,1.98
2014.10.21,1.98
2014.10.20,1.98
2014.10.17,1.98
2014.10.16,1.98
2014.10.15,1.99
2014.10.14,2.23
2014.10.13,2.23
2014.10.10,2.23
2014.10.08,2.23
2014.10.07,2.23
2014.10.06,2.23
2014.10.02,2.23
2014.10.01,2.24
2014.09.30,2.24
2014.09.29,2.24
2014.09.26,2.23
2014.09.25,2.24
2014.09.24,2.24
2014.09.23,2.23
2014.09.22,2.23
2014.09.19,2.23
2014.09.18,2.23
2014.09.17,2.23
2014.09.16,2.23
2014.09.15,2.23
2014.09.12,2.23
2014.09.11,2.23
2014.09.05,2.25
2014.09.04,2.25
2014.09.03,2.24
2014.09.02,2.23
2014.09.01,2.23
2014.08.29,2.24
2014.08.28,2.23
2014.08.27,2.23
2014.08.26,2.23
2014.08.25,2.24
2014.08.22,2.23
2014.08.21,2.23
2014.08.20,2.23
2014.08.19,2.24
2014.08.18,2.24
2014.08.14,2.24
2014.08.13,2.49
2014.08.12,2.49
2014.08.11,2.48
2014.08.08,2.49
2014.08.07,2.49
2014.08.06,2.49
2014.08.05,2.48
2014.08.04,2.48
2014.08.01,2.48
2014.07.31,2.49
2014.07.30,2.50
2014.07.29,2.50
2014.07.28,2.50
2014.07.25,2.49
2014.07.24,2.49
2014.07.23,2.49
2014.07.22,2.48
2014.07.21,2.48
2014.07.18,2.48
2014.07.17,2.49
2014.07.16,2.48
2014.07.15,2.48
2014.07.14,2.48
2014.07.11,2.48
2014.07.10,2.48
2014.07.09,2.50
2014.07.08,2.48
2014.07.07,2.48
2014.07.04,2.48
2014.07.03,2.48
2014.07.02,2.48
2014.07.01,2.48
2014.06.30,2.49
2014.06.27,2.48
2014.06.26,2.49
2014.06.25,2.49
2014.06.24,2.48
2014.06.23,2.48
2014.06.20,2.48
2014.06.19,2.48
2014.06.18,2.48
2014.06.17,2.47
2014.06.16,2.48
2014.06.13,2.48
2014.06.12,2.48
2014.06.11,2.49
2014.06.10,2.49
2014.06.09,2.48
2014.06.05,2.48
2014.06.03,2.48
2014.06.02,2.48
2014.05.30,2.49
2014.05.29,2.49
2014.05.28,2.48
2014.05.27,2.48
2014.05.26,2.49
2014.05.23,2.49
2014.05.22,2.49
2014.05.21,2.49
2014.05.20,2.49
2014.05.19,2.49
2014.05.16,2.49
2014.05.15,2.49
2014.05.14,2.50
2014.05.13,2.49
2014.05.12,2.49
2014.05.09,2.48
2014.05.08,2.49
2014.05.07,2.48
2014.05.02,2.50
2014.04.30,2.50
2014.04.29,2.49
2014.04.28,2.49
2014.04.25,2.50
2014.04.24,2.49
2014.04.23,2.49
2014.04.22,2.50
2014.04.21,2.49
2014.04.18,2.48
2014.04.17,2.48
2014.04.16,2.48
2014.04.15,2.48
2014.04.14,2.48
2014.04.11,2.48
2014.04.10,2.48
2014.04.09,2.50
2014.04.08,2.51
2014.04.07,2.49
2014.04.04,2.48
2014.04.03,2.48
2014.04.02,2.48
2014.04.01,2.48
2014.03.31,2.49
2014.03.28,2.48
2014.03.27,2.48
2014.03.26,2.48
2014.03.25,2.48
2014.03.24,2.46
2014.03.21,2.45
2014.03.20,2.46
2014.03.19,2.46
2014.03.18,2.47
2014.03.17,2.48
2014.03.14,2.47
2014.03.12,2.48
2014.03.11,2.48
2014.03.10,2.48
2014.03.07,2.49
2014.03.06,2.49
2014.03.05,2.49
2014.03.04,2.50
2014.03.03,2.49
2014.02.28,2.49
2014.02.27,2.48
2014.02.26,2.47
2014.02.25,2.49
2014.02.24,2.49
2014.02.21,2.49
2014.02.20,2.49
2014.02.19,2.49
2014.02.18,2.49
2014.02.17,2.49
2014.02.14,2.49
2014.02.13,2.49
2014.02.12,2.49
2014.02.11,2.49
2014.02.10,2.49
2014.02.07,2.49
2014.02.06,2.49
2014.02.05,2.48
2014.02.04,2.48
2014.02.03,2.47
2014.01.29,2.51
2014.01.28,2.52
2014.01.27,2.52
2014.01.24,2.50
2014.01.23,2.50
2014.01.22,2.50
2014.01.21,2.49
2014.01.20,2.49
2014.01.17,2.49
2014.01.16,2.49
2014.01.15,2.49
2014.01.14,2.49
2014.01.13,2.49
2014.01.10,2.50
2014.01.09,2.49
2014.01.08,2.49
2014.01.07,2.50
2014.01.06,2.48
2014.01.03,2.50
2014.01.02,2.50
2013.12.31,2.52
2013.12.30,2.51
2013.12.27,2.50
2013.12.26,2.51
2013.12.24,2.52
2013.12.23,2.52
2013.12.20,2.51
2013.12.19,2.50
2013.12.18,2.49
2013.12.17,2.49
2013.12.16,2.49
2013.12.13,2.49
2013.12.12,2.49
2013.12.11,2.49
2013.12.10,2.50
2013.12.09,2.50
2013.12.06,2.49
2013.12.05,2.49
2013.12.04,2.48
2013.12.03,2.49
2013.12.02,2.49
2013.11.29,2.50
2013.11.28,2.49
2013.11.27,2.49
2013.11.26,2.49
2013.11.25,2.50
2013.11.22,2.50
2013.11.21,2.50
2013.11.20,2.50
2013.11.19,2.50
2013.11.18,2.50
2013.11.15,2.50
2013.11.14,2.50
2013.11.13,2.50
2013.11.12,2.50
2013.11.11,2.50
2013.11.08,2.50
2013.11.07,2.50
2013.11.06,2.49
2013.11.05,2.51
2013.11.04,2.48
2013.11.01,2.48
2013.10.31,2.52
2013.10.30,2.51
2013.10.29,2.52
2013.10.28,2.52
2013.10.25,2.52
2013.10.24,2.50
2013.10.23,2.50
2013.10.22,2.50
2013.10.21,2.49
2013.10.18,2.50
2013.10.17,2.49
2013.10.16,2.49
2013.10.15,2.49
2013.10.14,2.49
2013.10.11,2.49
2013.10.10,2.49
2013.10.08,2.49
2013.10.07,2.50
2013.10.04,2.48
2013.10.02,2.49
2013.10.01,2.50
2013.09.30,2.50
2013.09.27,2.50
2013.09.26,2.50
2013.09.25,2.50
2013.09.24,2.50
2013.09.23,2.50
2013.09.17,2.50
2013.09.16,2.50
2013.09.13,2.50
2013.09.12,2.50
2013.09.11,2.49
2013.09.10,2.51
2013.09.09,2.50
2013.09.06,2.50
2013.09.05,2.50
2013.09.04,2.50
2013.09.03,2.51
2013.09.02,2.51
2013.08.30,2.51
2013.08.29,2.50
2013.08.28,2.50
2013.08.27,2.50
2013.08.26,2.50
2013.08.23,2.50
2013.08.22,2.50
2013.08.21,2.50
2013.08.20,2.50
2013.08.19,2.50
2013.08.16,2.50
2013.08.14,2.50
2013.08.13,2.50
2013.08.12,2.50
2013.08.09,2.49
2013.08.08,2.49
2013.08.07,2.48
2013.08.06,2.50
2013.08.05,2.49
2013.08.02,2.49
2013.08.01,2.52
2013.07.31,2.53
2013.07.30,2.51
2013.07.29,2.51
2013.07.26,2.50
2013.07.25,2.50
2013.07.24,2.49
2013.07.23,2.48
2013.07.22,2.49
2013.07.19,2.49
2013.07.18,2.48
2013.07.17,2.48
2013.07.16,2.48
2013.07.15,2.48
2013.07.12,2.48
2013.07.11,2.48
2013.07.10,2.36
2013.07.09,2.34
2013.07.08,2.35
2013.07.05,2.42
2013.07.04,2.45
2013.07.03,2.48
2013.07.02,2.49
2013.07.01,2.49
2013.06.28,2.50
2013.06.27,2.50
2013.06.26,2.49
2013.06.25,2.49
2013.06.24,2.49
2013.06.21,2.49
2013.06.20,2.49
2013.06.19,2.49
2013.06.18,2.49
2013.06.17,2.49
2013.06.14,2.49
2013.06.13,2.49
2013.06.12,2.49
2013.06.11,2.49
2013.06.10,2.49
2013.06.07,2.50
2013.06.05,2.48
2013.06.04,2.52
2013.06.03,2.49
2013.05.31,2.50
2013.05.30,2.49
2013.05.29,2.49
2013.05.28,2.50
2013.05.27,2.50
2013.05.24,2.50
2013.05.23,2.50
2013.05.22,2.50
2013.05.21,2.50
2013.05.20,2.50
2013.05.16,2.51
2013.05.15,2.51
2013.05.14,2.51
2013.05.13,2.51
2013.05.10,2.51
2013.05.09,2.51
2013.05.08,2.77
2013.05.07,2.76
2013.05.06,2.76
2013.05.03,2.76
2013.05.02,2.76
2013.04.30,2.78
2013.04.29,2.76
2013.04.26,2.76
2013.04.25,2.76
2013.04.24,2.75
2013.04.23,2.75
2013.04.22,2.75
2013.04.19,2.75
2013.04.18,2.74
2013.04.17,2.74
2013.04.16,2.74
2013.04.15,2.74
2013.04.12,2.73
2013.04.11,2.74
2013.04.10,2.75
2013.04.09,2.75
2013.04.08,2.74
2013.04.05,2.74
2013.04.04,2.74
2013.04.03,2.74
2013.04.02,2.74
2013.04.01,2.74
2013.03.29,2.75
2013.03.28,2.74
2013.03.27,2.74
2013.03.26,2.74
2013.03.25,2.74
2013.03.22,2.74
2013.03.21,2.74
2013.03.20,2.74
2013.03.19,2.74
2013.03.18,2.74
2013.03.15,2.74
2013.03.14,2.74
2013.03.13,2.74
2013.03.12,2.75
2013.03.11,2.75
2013.03.08,2.75
2013.03.07,2.76
2013.03.06,2.74
2013.03.05,2.74
2013.03.04,2.76
2013.02.28,2.76
2013.02.27,2.75
2013.02.26,2.75
2013.02.25,2.76
2013.02.22,2.75
2013.02.21,2.76
2013.02.20,2.75
2013.02.19,2.75
2013.02.18,2.74
2013.02.15,2.75
2013.02.14,2.75
2013.02.13,2.75
2013.02.12,2.75
2013.02.08,2.74
2013.02.07,2.74
2013.02.06,2.72
2013.02.05,2.73
2013.02.04,2.75
2013.02.01,2.75
2013.01.31,2.76
2013.01.30,2.75
2013.01.29,2.75
2013.01.28,2.75
2013.01.25,2.75
2013.01.24,2.75
2013.01.23,2.75
2013.01.22,2.75
2013.01.21,2.76
2013.01.18,2.75
2013.01.17,2.75
2013.01.16,2.75
2013.01.15,2.76
2013.01.14,2.75
2013.01.11,2.76
2013.01.10,2.76
2013.01.09,2.77
2013.01.08,2.76
2013.01.07,2.76
2013.01.04,2.76
2013.01.03,2.77
2013.01.02,2.77
2012.12.31,2.77
2012.12.28,2.75
2012.12.27,2.75
2012.12.26,2.75
2012.12.24,2.76
2012.12.21,2.75
2012.12.20,2.75
2012.12.18,2.75
2012.12.17,2.75
2012.12.14,2.75
2012.12.13,2.75
2012.12.12,2.75
2012.12.11,2.75
2012.12.10,2.75
2012.12.07,2.76
2012.12.06,2.75
2012.12.05,2.74
2012.12.04,2.78
2012.12.03,2.75
2012.11.30,2.77
2012.11.29,2.76
2012.11.28,2.75
2012.11.27,2.75
2012.11.26,2.75
2012.11.23,2.75
2012.11.22,2.76
2012.11.21,2.76
2012.11.20,2.76
2012.11.19,2.75
2012.11.16,2.75
2012.11.15,2.76
2012.11.14,2.76
2012.11.13,2.76
2012.11.12,2.76
2012.11.09,2.75
2012.11.08,2.75
2012.11.07,2.76
2012.11.06,2.76
2012.11.05,2.75
2012.11.02,2.75
2012.11.01,2.75
2012.10.31,2.75
2012.10.30,2.74
2012.10.29,2.74
2012.10.26,2.74
2012.10.25,2.75
2012.10.24,2.74
2012.10.23,2.74
2012.10.22,2.74
2012.10.19,2.75
2012.10.18,2.75
2012.10.17,2.75
2012.10.16,2.75
2012.10.15,2.75
2012.10.12,2.75
2012.10.11,2.75
2012.10.10,3.03
2012.10.09,3.00
2012.10.08,2.99
2012.10.05,3.00
2012.10.04,3.01
2012.10.02,2.99
2012.09.28,3.01
2012.09.27,2.99
2012.09.26,2.99
2012.09.25,2.99
2012.09.24,3.00
2012.09.21,3.00
2012.09.20,3.00
2012.09.19,2.99
2012.09.18,2.99
2012.09.17,2.99
2012.09.14,2.99
2012.09.13,2.99
2012.09.12,2.99
2012.09.11,2.99
2012.09.10,2.99
2012.09.07,3.01
2012.09.06,3.00
2012.09.05,3.00
2012.09.04,3.01
2012.09.03,3.00
2012.08.31,3.01
2012.08.30,3.00
2012.08.29,3.00
2012.08.28,3.00
2012.08.27,2.99
2012.08.24,3.00
2012.08.23,3.00
2012.08.22,3.00
2012.08.21,3.00
2012.08.20,2.99
2012.08.17,2.99
2012.08.16,3.00
2012.08.14,3.00
2012.08.13,2.99
2012.08.10,2.99
2012.08.09,3.00
2012.08.08,2.99
2012.08.07,2.99
2012.08.06,2.99
2012.08.03,3.00
2012.08.02,2.99
2012.08.01,3.00
2012.07.31,3.02
2012.07.30,3.00
2012.07.27,3.00
2012.07.26,3.00
2012.07.25,3.01
2012.07.24,3.00
2012.07.23,3.00
2012.07.20,3.00
2012.07.19,3.01
2012.07.18,3.00
2012.07.17,3.01
2012.07.16,3.01
2012.07.13,3.00
2012.07.12,3.00
2012.07.11,3.25
2012.07.10,3.29
2012.07.09,3.25
2012.07.06,3.25
2012.07.05,3.25
2012.07.04,3.25
2012.07.03,3.25
2012.07.02,3.25
2012.06.29,3.26
2012.06.28,3.25
2012.06.27,3.24
2012.06.26,3.25
2012.06.25,3.25
2012.06.22,3.26
2012.06.21,3.26
2012.06.20,3.26
2012.06.19,3.25
2012.06.18,3.26
2012.06.15,3.26
2012.06.14,3.26
2012.06.13,3.26
2012.06.12,3.26
2012.06.11,3.26
2012.06.08,3.26
2012.06.07,3.26
2012.06.05,3.27
2012.06.04,3.27
2012.06.01,3.25
2012.05.31,3.27
2012.05.30,3.26
2012.05.29,3.26
2012.05.25,3.26
2012.05.24,3.26
2012.05.23,3.26
2012.05.22,3.26
2012.05.21,3.26
2012.05.18,3.26
2012.05.17,3.26
2012.05.16,3.26
2012.05.15,3.26
2012.05.14,3.26
2012.05.11,3.25
2012.05.10,3.26
2012.05.09,3.28
2012.05.08,3.29
2012.05.07,3.24
2012.05.04,3.24
2012.05.03,3.25
2012.05.02,3.25
2012.04.30,3.26
2012.04.27,3.26
2012.04.26,3.26
2012.04.25,3.26
2012.04.24,3.26
2012.04.23,3.25
2012.04.20,3.25
2012.04.19,3.24
2012.04.18,3.24
2012.04.17,3.24
2012.04.16,3.24
2012.04.13,3.24
2012.04.12,3.24
2012.04.10,3.23
2012.04.09,3.25
2012.04.06,3.27
2012.04.05,3.24
2012.04.04,3.22
2012.04.03,3.24
2012.04.02,3.24
2012.03.30,3.24
2012.03.29,3.23
2012.03.28,3.24
2012.03.27,3.25
2012.03.26,3.25
2012.03.23,3.25
2012.03.22,3.25
2012.03.21,3.25
2012.03.20,3.25
2012.03.19,3.25
2012.03.16,3.25
2012.03.15,3.25
2012.03.14,3.25
2012.03.13,3.25
2012.03.12,3.25
2012.03.09,3.25
2012.03.08,3.26
2012.03.07,3.22
2012.03.06,3.25
2012.03.05,3.24
2012.03.02,3.25
2012.02.29,3.26
2012.02.28,3.25
2012.02.27,3.25
2012.02.24,3.25
2012.02.23,3.25
2012.02.22,3.25
2012.02.21,3.25
2012.02.20,3.26
2012.02.17,3.25
2012.02.16,3.25
2012.02.15,3.25
2012.02.14,3.25
2012.02.13,3.25
2012.02.10,3.25
2012.02.09,3.25
2012.02.08,3.27
2012.02.07,3.28
2012.02.06,3.24
2012.02.03,3.25
2012.02.02,3.25
2012.02.01,3.26
2012.01.31,3.27
2012.01.30,3.27
2012.01.27,3.26
2012.01.26,3.26
2012.01.25,3.23
2012.01.20,3.27
2012.01.19,3.27
2012.01.18,3.26
2012.01.17,3.26
2012.01.16,3.26
2012.01.13,3.25
2012.01.12,3.25
2012.01.11,3.28
2012.01.10,3.28
2012.01.09,3.25
2012.01.06,3.25
2012.01.05,3.25
2012.01.04,3.24
2012.01.03,3.25
2012.01.02,3.25
2011.12.30,3.29
2011.12.29,3.27
2011.12.28,3.28
2011.12.27,3.26
2011.12.26,3.26
2011.12.23,3.26
2011.12.22,3.26
2011.12.21,3.30
2011.12.20,3.28
2011.12.19,3.26
2011.12.16,3.25
2011.12.15,3.26
2011.12.14,3.25
2011.12.13,3.26
2011.12.12,3.26
2011.12.09,3.25
2011.12.08,3.26
2011.12.07,3.26
2011.12.06,3.27
2011.12.05,3.25
2011.12.02,3.25
2011.12.01,3.26
2011.11.30,3.27
2011.11.29,3.25
2011.11.28,3.26
2011.11.25,3.26
2011.11.24,3.26
2011.11.23,3.26
2011.11.22,3.27
2011.11.21,3.26
2011.11.18,3.26
2011.11.17,3.26
2011.11.16,3.26
2011.11.15,3.26
2011.11.14,3.25
2011.11.11,3.25
2011.11.10,3.26
2011.11.09,3.28
2011.11.08,3.27
2011.11.07,3.26
2011.11.04,3.25
2011.11.03,3.25
2011.11.02,3.25
2011.11.01,3.25
2011.10.31,3.26
2011.10.28,3.23
2011.10.27,3.23
2011.10.26,3.23
2011.10.25,3.24
2011.10.24,3.24
2011.10.21,3.23
2011.10.20,3.25
2011.10.19,3.26
2011.10.18,3.27
2011.10.17,3.22
2011.10.14,3.24
2011.10.13,3.24
2011.10.12,3.24
2011.10.11,3.24
2011.10.10,3.25
2011.10.07,3.25
2011.10.06,3.25
2011.10.05,3.23
2011.10.04,3.25
2011.09.30,3.28
2011.09.29,3.26
2011.09.28,3.26
2011.09.27,3.24
2011.09.26,3.24
2011.09.23,3.23
2011.09.22,3.25
2011.09.21,3.28
2011.09.20,3.27
2011.09.19,3.24
2011.09.16,3.25
2011.09.15,3.26
2011.09.14,3.26
2011.09.09,3.25
2011.09.08,3.27
2011.09.07,3.23
2011.09.06,3.25
2011.09.05,3.26
2011.09.02,3.26
2011.09.01,3.26
2011.08.31,3.27
2011.08.30,3.26
2011.08.29,3.26
2011.08.26,3.26
2011.08.25,3.26
2011.08.24,3.26
2011.08.23,3.25
2011.08.22,3.20
2011.08.19,3.23
2011.08.18,3.22
2011.08.17,3.20
2011.08.16,3.22
2011.08.12,3.24
2011.08.11,3.25
2011.08.10,3.29
2011.08.09,3.31
2011.08.08,3.25
2011.08.05,3.26
2011.08.04,3.25
2011.08.03,3.25
2011.08.02,3.26
2011.08.01,3.26
2011.07.29,3.27
2011.07.28,3.26
2011.07.27,3.26
2011.07.26,3.26
2011.07.25,3.26
2011.07.22,3.26
2011.07.21,3.26
2011.07.20,3.27
2011.07.19,3.26
2011.07.18,3.26
2011.07.15,3.26
2011.07.14,3.27
2011.07.13,3.26
2011.07.12,3.26
2011.07.11,3.26
2011.07.08,3.26
2011.07.07,3.26
2011.07.06,3.27
2011.07.05,3.30
2011.07.04,3.26
2011.07.01,3.26
2011.06.30,3.28
2011.06.29,3.26
2011.06.28,3.26
2011.06.27,3.26
2011.06.24,3.26
2011.06.23,3.26
2011.06.22,3.29
2011.06.21,3.29
2011.06.20,3.26
2011.06.17,3.26
2011.06.16,3.26
2011.06.15,3.26
2011.06.14,3.27
2011.06.13,3.26
2011.06.10,3.26
2011.06.09,3.02
2011.06.08,3.01
2011.06.07,3.04
2011.06.03,3.00
2011.06.02,3.02
2011.06.01,3.02
2011.05.31,3.03
2011.05.30,3.03
2011.05.27,3.03
2011.05.26,3.02
2011.05.25,3.05
2011.05.24,3.06
2011.05.23,3.02
2011.05.20,3.02
2011.05.19,3.02
2011.05.18,3.03
2011.05.17,3.03
2011.05.16,3.03
2011.05.13,3.02
2011.05.12,3.02
2011.05.11,3.03
2011.05.09,3.05
2011.05.06,3.01
2011.05.04,3.01
2011.05.03,3.01
2011.05.02,3.01
2011.04.29,3.02
2011.04.28,3.01
2011.04.27,3.01
2011.04.26,3.02
2011.04.25,3.02
2011.04.22,3.02
2011.04.21,3.02
2011.04.20,3.04
2011.04.19,3.03
2011.04.18,3.00
2011.04.15,3.01
2011.04.14,3.01
2011.04.13,3.01
2011.04.12,3.00
2011.04.11,3.01
2011.04.08,3.01
2011.04.07,3.01
2011.04.06,3.04
2011.04.05,3.03
2011.04.04,2.99
2011.04.01,2.98
2011.03.31,2.98
2011.03.30,2.98
2011.03.29,2.98
2011.03.28,2.99
2011.03.25,2.99
2011.03.24,3.00
2011.03.23,3.02
2011.03.22,3.01
2011.03.21,2.99
2011.03.18,2.99
2011.03.17,2.99
2011.03.16,3.00
2011.03.15,2.99
2011.03.14,2.96
2011.03.11,2.97
2011.03.10,2.99
2011.03.09,2.75
2011.03.08,2.75
2011.03.07,2.76
2011.03.04,2.75
2011.03.03,2.75
2011.03.02,2.75
2011.02.28,2.76
2011.02.25,2.76
2011.02.24,2.76
2011.02.23,2.75
2011.02.22,2.75
2011.02.21,2.75
2011.02.18,2.75
2011.02.17,2.75
2011.02.16,2.75
2011.02.15,2.74
2011.02.14,2.75
2011.02.11,2.75
2011.02.10,2.75
2011.02.09,2.77
2011.02.08,2.78
2011.02.07,2.75
2011.02.01,2.75
2011.01.31,2.75
2011.01.28,2.74
2011.01.27,2.74
2011.01.26,2.74
2011.01.25,2.75
2011.01.24,2.75
2011.01.21,2.75
2011.01.20,2.75
2011.01.19,2.77
2011.01.18,2.76
2011.01.17,2.74
2011.01.14,2.74
2011.01.13,2.74
2011.01.12,2.50
2011.01.11,2.50
2011.01.10,2.49
2011.01.07,2.49
2011.01.06,2.49
2011.01.05,2.49
2011.01.04,2.50
2011.01.03,2.49
2010.12.31,2.51
2010.12.30,2.49
2010.12.29,2.49
2010.12.28,2.49
2010.12.27,2.50
2010.12.24,2.50
2010.12.23,2.50
2010.12.22,2.53
2010.12.21,2.52
2010.12.20,2.50
2010.12.17,2.49
2010.12.16,2.50
2010.12.15,2.49
2010.12.14,2.49
2010.12.13,2.50
2010.12.10,2.50
2010.12.09,2.51
2010.12.08,2.52
2010.12.07,2.52
2010.12.06,2.50
2010.12.03,2.50
2010.12.02,2.50
2010.12.01,2.50
2010.11.30,2.51
2010.11.29,2.50
2010.11.26,2.50
2010.11.25,2.50
2010.11.24,2.54
2010.11.23,2.52
2010.11.22,2.51
2010.11.19,2.50
2010.11.18,2.50
2010.11.17,2.50
2010.11.16,2.49
2010.11.15,2.24
2010.11.12,2.24
2010.11.11,2.24
2010.11.10,2.26
2010.11.09,2.27
2010.11.08,2.24
2010.11.05,2.24
2010.11.04,2.24
2010.11.03,2.24
2010.11.02,2.23
2010.11.01,2.24
2010.10.29,2.26
2010.10.28,2.24
2010.10.27,2.24
2010.10.26,2.24
2010.10.25,2.25
2010.10.22,2.28
2010.10.21,2.28
2010.10.20,2.29
2010.10.19,2.28
2010.10.18,2.26
2010.10.15,2.27
2010.10.14,2.28
2010.10.13,2.27
2010.10.12,2.27
2010.10.11,2.27
2010.10.08,2.27
2010.10.07,2.28
2010.10.06,2.20
2010.10.05,2.18
2010.10.04,2.24
2010.10.01,2.27
2010.09.30,2.27
2010.09.29,2.26
2010.09.28,2.27
2010.09.27,2.27
2010.09.24,2.28
2010.09.20,2.28
2010.09.17,2.28
2010.09.16,2.28
2010.09.15,2.28
2010.09.14,2.27
2010.09.13,2.27
2010.09.10,2.27
2010.09.09,2.27
2010.09.08,2.27
2010.09.07,2.26
2010.09.06,2.26
2010.09.03,2.27
2010.09.02,2.27
2010.09.01,2.27
2010.08.31,2.28
2010.08.30,2.27
2010.08.27,2.28
2010.08.26,2.28
2010.08.25,2.30
2010.08.24,2.30
2010.08.23,2.26
2010.08.20,2.28
2010.08.19,2.28
2010.08.18,2.27
2010.08.17,2.27
2010.08.16,2.27
2010.08.13,2.27
2010.08.12,2.27
2010.08.11,2.29
2010.08.10,2.28
2010.08.09,2.28
2010.08.06,2.27
2010.08.05,2.28
2010.08.04,2.27
2010.08.03,2.27
2010.08.02,2.28
2010.07.30,2.28
2010.07.29,2.28
2010.07.28,2.27
2010.07.27,2.27
2010.07.26,2.27
2010.07.23,2.27
2010.07.22,2.27
2010.07.21,2.27
2010.07.20,2.27
2010.07.19,2.26
2010.07.16,2.25
2010.07.15,2.27
2010.07.14,2.26
2010.07.13,2.26
2010.07.12,2.27
2010.07.09,2.26
2010.07.08,2.02
2010.07.07,2.04
2010.07.06,2.05
2010.07.05,2.01
2010.07.02,1.99
2010.07.01,1.99
2010.06.30,2.03
2010.06.29,1.95
2010.06.28,1.99
2010.06.25,2.02
2010.06.24,2.02
2010.06.23,1.97
2010.06.22,2.01
2010.06.21,2.01
2010.06.18,2.00
2010.06.17,2.01
2010.06.16,2.01
2010.06.15,2.02
2010.06.14,2.02
2010.06.11,2.02
2010.06.10,2.02
2010.06.09,1.97
2010.06.08,1.95
2010.06.07,1.99
2010.06.04,1.98
2010.06.03,1.99
2010.06.01,1.99
2010.05.31,2.00
2010.05.28,1.98
2010.05.27,1.98
2010.05.26,1.99
2010.05.25,2.02
2010.05.24,2.02
2010.05.20,2.02
2010.05.19,2.01
2010.05.18,2.01
2010.05.17,2.02
2010.05.14,2.01
2010.05.13,2.01
2010.05.12,2.01
2010.05.11,2.01
2010.05.10,2.01
2010.05.07,2.01
2010.05.06,2.02
2010.05.04,2.05
2010.05.03,2.00
2010.04.30,2.00
2010.04.29,2.00
2010.04.28,2.01
2010.04.27,2.01
2010.04.26,2.01
2010.04.23,2.00
2010.04.22,2.00
2010.04.21,2.01
2010.04.20,2.00
2010.04.19,2.00
2010.04.16,1.99
2010.04.15,2.00
2010.04.14,2.00
2010.04.13,2.01
2010.04.12,2.01
2010.04.09,2.00
2010.04.08,2.02
2010.04.07,2.02
2010.04.06,2.02
2010.04.05,2.00
2010.04.02,2.00
2010.04.01,1.99
2010.03.31,2.00
2010.03.30,1.99
2010.03.29,2.00
2010.03.26,2.00
2010.03.25,2.01
2010.03.24,2.00
2010.03.23,2.00
2010.03.22,2.01
2010.03.19,2.01
2010.03.18,2.01
2010.03.17,2.00
2010.03.16,2.01
2010.03.15,2.01
2010.03.12,2.02
2010.03.11,2.02
2010.03.10,1.99
2010.03.09,2.02
2010.03.08,2.02
2010.03.05,2.01
2010.03.04,2.02
2010.03.03,2.01
2010.03.02,2.02
2010.02.26,2.02
2010.02.25,2.02
2010.02.24,1.90
2010.02.23,1.92
2010.02.22,1.98
2010.02.19,2.01
2010.02.18,2.02
2010.02.17,2.02
2010.02.16,2.02
2010.02.12,2.02
2010.02.11,2.02
2010.02.10,1.97
2010.02.09,1.99
2010.02.08,2.00
2010.02.05,2.00
2010.02.04,2.00
2010.02.03,2.00
2010.02.02,2.00
2010.02.01,2.01
2010.01.29,2.01
2010.01.28,2.01
2010.01.27,2.01
2010.01.26,2.01
2010.01.25,2.01
2010.01.22,2.00
2010.01.21,2.01
2010.01.20,1.97
2010.01.19,1.99
2010.01.18,1.99
2010.01.15,2.00
2010.01.14,2.00
2010.01.13,2.00
2010.01.12,2.00
2010.01.11,2.00
2010.01.08,2.00
2010.01.07,2.00
2010.01.06,1.96
2010.01.05,1.98
2010.01.04,1.99
2009.12.31,2.01
2009.12.30,2.00
2009.12.29,2.00
2009.12.28,2.00
2009.12.24,1.98
2009.12.23,1.99
2009.12.22,1.99
2009.12.21,2.00
2009.12.18,2.00
2009.12.17,2.00
2009.12.16,2.00
2009.12.15,2.00
2009.12.14,2.00
2009.12.11,2.00
2009.12.10,2.01
2009.12.09,1.97
2009.12.08,1.97
2009.12.07,1.99
2009.12.04,2.00
2009.12.03,2.00
2009.12.02,2.00
2009.12.01,2.00
2009.11.30,2.01
2009.11.27,2.00
2009.11.26,2.01
2009.11.25,1.99
2009.11.24,2.00
2009.11.23,2.03
2009.11.20,2.01
2009.11.19,1.95
2009.11.18,1.96
2009.11.17,1.99
2009.11.16,2.01
2009.11.13,2.00
2009.11.12,2.01
2009.11.11,1.98
2009.11.10,2.07
2009.11.09,2.00
2009.11.06,2.00
2009.11.05,2.00
2009.11.04,1.99
2009.11.03,1.99
2009.11.02,2.00
2009.10.30,2.01
2009.10.29,2.01
2009.10.28,2.00
2009.10.27,2.00
2009.10.26,2.00
2009.10.23,2.00
2009.10.22,2.00
2009.10.21,2.02
2009.10.20,1.99
2009.10.19,1.98
2009.10.16,1.98
2009.10.15,1.99
2009.10.14,1.99
2009.10.13,1.99
2009.10.12,1.99
2009.10.09,1.99
2009.10.08,1.99
2009.10.07,1.99
2009.10.06,2.00
2009.10.05,1.99
2009.10.01,2.00
2009.09.30,2.00
2009.09.29,2.01
2009.09.28,2.00
2009.09.25,2.00
2009.09.24,2.00
2009.09.23,1.79
2009.09.22,1.80
2009.09.21,1.97
2009.09.18,2.00
2009.09.17,2.00
2009.09.16,1.99
2009.09.15,1.99
2009.09.14,2.00
2009.09.11,1.99
2009.09.10,1.99
2009.09.09,1.98
2009.09.08,1.91
2009.09.07,1.97
2009.09.04,1.97
2009.09.03,1.97
2009.09.02,1.98
2009.09.01,1.98
2009.08.31,1.99
2009.08.28,1.97
2009.08.27,1.97
2009.08.26,1.98
2009.08.25,1.98
2009.08.24,1.98
2009.08.21,1.98
2009.08.20,1.99
2009.08.19,1.97
2009.08.18,1.97
2009.08.17,1.98
2009.08.14,1.97
2009.08.13,1.98
2009.08.12,1.98
2009.08.11,1.99
2009.08.10,1.99
2009.08.07,1.99
2009.08.06,1.98
2009.08.05,1.97
2009.08.04,1.97
2009.08.03,1.94
2009.07.31,1.95
2009.07.30,1.93
2009.07.29,1.93
2009.07.28,1.93
2009.07.27,1.93
2009.07.24,1.93
2009.07.23,1.93
2009.07.22,1.93
2009.07.21,1.93
2009.07.20,1.94
2009.07.17,1.94
2009.07.16,1.95
2009.07.15,1.95
2009.07.14,1.95
2009.07.13,1.94
2009.07.10,1.94
2009.07.09,1.93
2009.07.08,1.92
2009.07.07,1.92
2009.07.06,1.93
2009.07.03,1.92
2009.07.02,1.92
2009.07.01,1.90
2009.06.30,1.96
2009.06.29,1.92
2009.06.26,1.92
2009.06.25,1.93
2009.06.24,1.87
2009.06.23,1.82
2009.06.22,1.93
2009.06.19,1.94
2009.06.18,1.95
2009.06.17,1.95
2009.06.16,1.94
2009.06.15,1.93
2009.06.12,1.94
2009.06.11,1.96
2009.06.10,1.93
2009.06.09,1.96
2009.06.08,1.93
2009.06.05,1.93
2009.06.04,1.93
2009.06.03,1.92
2009.06.02,1.93
2009.06.01,1.95
2009.05.29,1.96
2009.05.28,1.96
2009.05.27,1.96
2009.05.26,1.97
2009.05.25,1.97
2009.05.22,1.97
2009.05.21,1.96
2009.05.20,1.73
2009.05.19,1.74
2009.05.18,1.89
2009.05.15,1.93
2009.05.14,1.93
2009.05.13,1.93
2009.05.12,1.93
2009.05.11,1.93
2009.05.08,1.92
2009.05.07,1.83
2009.05.06,1.72
2009.05.04,1.77
2009.04.30,1.85
2009.04.29,1.84
2009.04.28,1.85
2009.04.27,1.88
2009.04.24,1.84
2009.04.23,1.89
2009.04.22,1.57
2009.04.21,1.57
2009.04.20,1.86
2009.04.17,1.83
2009.04.16,1.83
2009.04.15,1.76
2009.04.14,1.79
2009.04.13,1.80
2009.04.10,1.82
2009.04.09,1.86
2009.04.08,1.58
2009.04.07,1.57
2009.04.06,1.65
2009.04.03,1.66
2009.04.02,1.65
2009.04.01,1.72
2009.03.31,1.73
2009.03.30,1.76
2009.03.27,1.76
2009.03.26,1.89
2009.03.25,1.56
2009.03.24,1.63
2009.03.23,1.74
2009.03.20,1.81
2009.03.19,1.79
2009.03.18,1.87
2009.03.17,1.94
2009.03.16,1.82
2009.03.13,1.82
2009.03.12,1.78
2009.03.11,1.64
2009.03.10,1.63
2009.03.09,1.71
2009.03.06,1.76
2009.03.05,1.75
2009.03.04,1.76
2009.03.03,1.75
2009.03.02,1.75
2009.02.27,1.87
2009.02.26,1.88
2009.02.25,1.58
2009.02.24,1.55
2009.02.23,1.76
2009.02.20,1.82
2009.02.19,1.79
2009.02.18,1.75
2009.02.17,1.76
2009.02.16,1.69
2009.02.13,1.92
2009.02.12,2.02
2009.02.11,2.06
2009.02.10,2.07
2009.02.09,2.20
2009.02.06,2.39
2009.02.05,2.39
2009.02.04,2.38
2009.02.03,2.38
2009.02.02,2.38
2009.01.30,2.41
2009.01.29,2.45
2009.01.28,2.48
2009.01.23,2.44
2009.01.22,2.51
2009.01.21,2.10
2009.01.20,2.00
2009.01.19,1.99
2009.01.16,2.02
2009.01.15,2.04
2009.01.14,2.22
2009.01.13,2.26
2009.01.12,2.42
2009.01.09,2.49
2009.01.08,2.98
2009.01.07,2.58
2009.01.06,2.59
2009.01.05,2.75
2009.01.02,2.87
2008.12.31,3.02
2008.12.30,2.94
2008.12.29,2.97
2008.12.26,2.99
2008.12.24,2.66
2008.12.23,2.57
2008.12.22,2.70
2008.12.19,2.82
2008.12.18,2.81
2008.12.17,2.81
2008.12.16,2.78
2008.12.15,2.83
2008.12.12,2.90
2008.12.11,3.16
2008.12.10,3.61
2008.12.09,3.61
2008.12.08,4.71
2008.12.05,3.85
2008.12.04,3.91
2008.12.03,3.98
2008.12.02,3.98
2008.12.01,3.97
2008.11.28,3.99
2008.11.27,3.98
2008.11.26,3.98
2008.11.25,3.98
2008.11.24,3.99
2008.11.21,3.98
2008.11.20,3.99
2008.11.19,3.95
2008.11.18,3.95
2008.11.17,3.93
2008.11.14,3.98
2008.11.13,3.98
2008.11.12,3.98
2008.11.11,3.98
2008.11.10,3.98
2008.11.07,3.97
2008.11.06,4.22
2008.11.05,4.04
2008.11.04,4.02
2008.11.03,4.10
2008.10.31,4.14
2008.10.30,4.21
2008.10.29,4.24
2008.10.28,4.24
2008.10.27,4.28
2008.10.24,4.98
2008.10.23,4.98
2008.10.22,4.89
2008.10.21,4.89
2008.10.20,4.97
2008.10.17,4.99
2008.10.16,4.99
2008.10.15,4.99
2008.10.14,4.99
2008.10.13,4.98
2008.10.10,4.98
2008.10.09,4.98
2008.10.08,5.12
2008.10.07,5.06
2008.10.06,5.23
2008.10.02,5.22
2008.10.01,5.22
2008.09.30,5.22
2008.09.29,5.22
2008.09.26,5.23
2008.09.25,5.23
2008.09.24,4.86
2008.09.23,4.80
2008.09.22,4.95
2008.09.19,5.07
2008.09.18,5.12
2008.09.17,5.24
2008.09.16,5.23
2008.09.12,5.25
2008.09.11,5.25
2008.09.10,5.22
2008.09.09,5.28
2008.09.08,5.25
2008.09.05,5.24
2008.09.04,5.25
2008.09.03,5.25
2008.09.02,5.24
2008.09.01,5.25
2008.08.29,5.25
2008.08.28,5.24
2008.08.27,5.24
2008.08.26,5.24
2008.08.25,5.24
2008.08.22,5.25
2008.08.21,5.25
2008.08.20,5.23
2008.08.19,5.23
2008.08.18,5.24
2008.08.14,5.25
2008.08.13,5.25
2008.08.12,5.25
2008.08.11,5.24
2008.08.08,5.24
2008.08.07,5.25
2008.08.06,5.02
2008.08.05,5.02
2008.08.04,5.02
2008.08.01,5.02
2008.07.31,5.03
2008.07.30,5.00
2008.07.29,5.01
2008.07.28,5.01
2008.07.25,5.00
2008.07.24,5.00
2008.07.23,4.56
2008.07.22,4.57
2008.07.21,4.58
2008.07.18,5.01
2008.07.17,5.01
2008.07.16,5.00
2008.07.15,5.01
2008.07.14,5.00
2008.07.11,5.01
2008.07.10,5.01
2008.07.09,5.02
2008.07.08,5.01
2008.07.07,5.01
2008.07.04,5.03
2008.07.03,4.99
2008.07.02,4.99
2008.07.01,4.99
2008.06.30,5.01
2008.06.27,5.00
2008.06.26,5.01
2008.06.25,4.55
2008.06.24,4.55
2008.06.23,4.62
2008.06.20,5.01
2008.06.19,5.00
2008.06.18,5.00
2008.06.17,5.00
2008.06.16,5.01
2008.06.13,4.99
2008.06.12,4.99
2008.06.11,4.57
2008.06.10,4.57
2008.06.09,4.81
2008.06.05,5.00
2008.06.04,5.00
2008.06.03,5.00
2008.06.02,5.00
2008.05.30,5.04
2008.05.29,5.03
2008.05.28,5.03
2008.05.27,5.01
2008.05.26,5.00
2008.05.23,5.00
2008.05.22,5.00
2008.05.21,4.62
2008.05.20,4.63
2008.05.19,4.93
2008.05.16,4.95
2008.05.15,4.90
2008.05.14,4.87
2008.05.13,4.93
2008.05.09,5.00
2008.05.08,5.01
2008.05.07,5.18
2008.05.06,5.19
2008.05.02,4.96
2008.04.30,4.95
2008.04.29,4.94
2008.04.28,4.89
2008.04.25,4.96
2008.04.24,5.00
2008.04.23,4.98
2008.04.22,4.98
2008.04.21,4.97
2008.04.18,5.00
2008.04.17,5.00
2008.04.16,5.00
2008.04.15,5.00
2008.04.14,5.00
2008.04.11,5.00
2008.04.10,4.98
2008.04.08,5.03
2008.04.07,5.04
2008.04.04,5.10
2008.04.03,5.01
2008.04.02,5.00
2008.04.01,4.97
2008.03.31,4.98
2008.03.28,4.96
2008.03.27,4.94
2008.03.26,4.94
2008.03.25,4.97
2008.03.24,4.97
2008.03.21,4.98
2008.03.20,4.98
2008.03.19,4.95
2008.03.18,4.99
2008.03.17,4.96
2008.03.14,4.98
2008.03.13,4.98
2008.03.12,4.98
2008.03.11,4.99
2008.03.10,4.99
2008.03.07,5.00
2008.03.06,5.00
2008.03.05,4.93
2008.03.04,4.95
2008.03.03,4.94
2008.02.29,4.94
2008.02.28,4.96
2008.02.27,4.94
2008.02.26,4.95
2008.02.25,4.98
2008.02.22,5.00
2008.02.21,5.02
2008.02.20,4.94
2008.02.19,4.95
2008.02.18,4.98
2008.02.15,5.00
2008.02.14,5.00
2008.02.13,5.00
2008.02.12,5.00
2008.02.11,5.00
2008.02.05,4.94
2008.02.04,4.96
2008.02.01,4.91
2008.01.31,4.96
2008.01.30,4.98
2008.01.29,5.00
2008.01.28,5.01
2008.01.25,5.01
2008.01.24,5.01
2008.01.23,5.01
2008.01.22,4.90
2008.01.21,4.93
2008.01.18,4.97
2008.01.17,5.02
2008.01.16,5.02
2008.01.15,5.01
2008.01.14,5.01
2008.01.11,5.00
2008.01.10,5.01
2008.01.09,4.99
2008.01.08,4.98
2008.01.07,4.95
2008.01.04,4.99
2008.01.03,4.98
2008.01.02,4.96
2007.12.31,5.02
2007.12.27,5.00
2007.12.26,5.00
2007.12.24,5.00
2007.12.21,4.99
2007.12.20,5.00
2007.12.18,5.00
2007.12.17,5.00
2007.12.14,4.99
2007.12.13,4.99
2007.12.12,5.00
2007.12.11,4.99
2007.12.10,4.99
2007.12.07,4.79
2007.12.06,4.86
2007.12.05,4.96
2007.12.04,5.00
2007.12.03,5.00
2007.11.30,5.02
2007.11.29,5.01
2007.11.28,5.01
2007.11.27,5.00
2007.11.26,5.01
2007.11.23,5.00
2007.11.22,4.98
2007.11.21,4.99
2007.11.20,4.98
2007.11.19,5.01
2007.11.16,5.01
2007.11.15,5.01
2007.11.14,5.01
2007.11.13,5.01
2007.11.12,5.02
2007.11.09,5.01
2007.11.08,5.01
2007.11.07,5.01
2007.11.06,5.04
2007.11.05,4.98
2007.11.02,4.98
2007.11.01,5.00
2007.10.31,5.02
2007.10.30,5.02
2007.10.29,5.01
2007.10.26,5.02
2007.10.25,5.02
2007.10.24,5.02
2007.10.23,5.00
2007.10.22,4.99
2007.10.19,5.01
2007.10.18,5.00
2007.10.17,5.00
2007.10.16,5.01
2007.10.15,5.02
2007.10.12,5.01
2007.10.11,5.00
2007.10.10,4.99
2007.10.09,4.98
2007.10.08,4.98
2007.10.05,5.00
2007.10.04,5.01
2007.10.02,4.98
2007.10.01,4.99
2007.09.28,4.98
2007.09.27,4.98
2007.09.21,4.90
2007.09.20,4.91
2007.09.19,4.97
2007.09.18,4.99
2007.09.17,4.99
2007.09.14,4.99
2007.09.13,4.99
2007.09.12,4.98
2007.09.11,4.98
2007.09.10,4.97
2007.09.07,4.90
2007.09.06,4.93
2007.09.05,4.97
2007.09.04,4.98
2007.09.03,5.00
2007.08.31,4.98
2007.08.30,4.97
2007.08.29,4.97
2007.08.28,4.98
2007.08.27,4.98
2007.08.24,4.98
2007.08.23,4.98
2007.08.22,4.97
2007.08.21,4.98
2007.08.20,4.98
2007.08.17,4.98
2007.08.16,4.98
2007.08.14,4.99
2007.08.13,5.00
2007.08.10,5.02
2007.08.09,5.01
2007.08.08,4.70
2007.08.07,4.68
2007.08.06,4.67
2007.08.03,4.69
2007.08.02,4.65
2007.08.01,4.58
2007.07.31,4.76
2007.07.30,4.76
2007.07.27,4.77
2007.07.26,4.78
2007.07.25,4.78
2007.07.24,4.78
2007.07.23,4.78
2007.07.20,4.87
2007.07.19,4.85
2007.07.18,4.77
2007.07.16,4.73
2007.07.13,4.71
2007.07.12,4.72
2007.07.11,4.48
2007.07.10,4.47
2007.07.09,4.47
2007.07.06,4.37
2007.07.05,4.42
2007.07.04,4.48
2007.07.03,4.50
2007.07.02,4.50
2007.06.29,4.52
2007.06.28,4.51
2007.06.27,4.51
2007.06.26,4.51
2007.06.25,4.52
2007.06.22,4.47
2007.06.21,4.54
2007.06.20,4.56
2007.06.19,4.59
2007.06.18,4.59
2007.06.15,4.59
2007.06.14,4.59
2007.06.13,4.58
2007.06.12,4.54
2007.06.11,4.54
2007.06.08,4.52
2007.06.07,4.44
2007.06.05,4.49
2007.06.04,4.51
2007.06.01,4.52
2007.05.31,4.55
2007.05.30,4.56
2007.05.29,4.55
2007.05.28,4.54
2007.05.25,4.58
2007.05.23,4.58
2007.05.22,4.52
2007.05.21,4.59
2007.05.18,4.57
2007.05.17,4.61
2007.05.16,4.61
2007.05.15,4.61
2007.05.14,4.62
2007.05.11,4.61
2007.05.10,4.63
2007.05.09,4.63
2007.05.08,4.63
2007.05.07,4.72
2007.05.04,4.69
2007.05.03,4.74
2007.05.02,4.77
2007.04.30,4.88
2007.04.27,5.09
2007.04.26,5.04
2007.04.25,4.74
2007.04.24,4.67
2007.04.23,4.64
2007.04.20,4.71
2007.04.19,4.60
2007.04.18,4.63
2007.04.17,4.63
2007.04.16,4.63
2007.04.13,4.63
2007.04.12,4.62
2007.04.11,4.61
2007.04.10,4.61
2007.04.09,4.61
2007.04.06,4.35
2007.04.05,4.40
2007.04.04,4.60
2007.04.03,4.62
2007.04.02,4.63
2007.03.30,4.63
2007.03.29,4.61
2007.03.28,4.58
2007.03.27,4.61
2007.03.26,4.61
2007.03.23,4.59
2007.03.22,4.45
2007.03.21,4.50
2007.03.20,4.61
2007.03.19,4.64
2007.03.16,4.64
2007.03.15,4.64
2007.03.14,4.64
2007.03.13,4.61
2007.03.12,4.61
2007.03.09,4.59
2007.03.08,4.55
2007.03.07,4.57
2007.03.06,4.55
2007.03.05,4.59
2007.03.02,4.54
2007.02.28,4.55
2007.02.27,4.50
2007.02.26,4.50
2007.02.23,4.56
2007.02.22,4.57
2007.02.21,4.57
2007.02.20,4.76
2007.02.16,4.85
2007.02.15,4.70
2007.02.14,4.68
2007.02.13,4.61
2007.02.12,4.56
2007.02.09,4.55
2007.02.08,4.55
2007.02.07,4.49
2007.02.06,4.46
2007.02.05,4.54
2007.02.02,4.60
2007.02.01,4.60
2007.01.31,4.61
2007.01.30,4.61
2007.01.29,4.70
2007.01.26,4.70
2007.01.25,4.62
2007.01.24,4.61
2007.01.23,4.60
2007.01.22,4.61
2007.01.19,4.58
2007.01.18,4.71
2007.01.17,4.67
2007.01.16,4.64
2007.01.15,4.64
2007.01.12,4.64
2007.01.11,4.63
2007.01.10,4.67
2007.01.09,4.62
2007.01.08,4.61
2007.01.05,4.66
2007.01.04,4.67
2007.01.03,4.56
2007.01.02,4.54
2006.12.29,4.60
2006.12.28,4.58
